{
	"credit": "Made with Blockbench",
	"texture_size": [32, 32],
	"textures": {
		"0": "custom/sushi_atlas",
		"1": "custom/sushi_leaves",
		"particle": "custom/sushi_atlas"
	},
	"elements": [
		{
			"name": "hexadecagon",
			"from": [9.60218, 0, 2.5],
			"to": [10.39782, 3, 6.5],
			"rotation": {"angle": -45, "axis": "y", "origin": [10, 3, 4.5]},
			"faces": {
				"north": {"uv": [8, 6, 8.5, 7.75], "texture": "#0"},
				"east": {"uv": [0, 0, 2, 1.75], "texture": "#0"},
				"south": {"uv": [8, 8, 8.5, 9.75], "texture": "#0"},
				"west": {"uv": [0, 2, 2, 3.75], "texture": "#0"},
				"up": {"uv": [0.5, 10, 0, 8], "texture": "#0"},
				"down": {"uv": [8.5, 0, 8, 2], "texture": "#0"}
			}
		},
		{
			"name": "hexadecagon",
			"from": [9.60218, 0, 2.5],
			"to": [10.39782, 3, 6.5],
			"rotation": {"angle": -22.5, "axis": "y", "origin": [10, 3, 4.5]},
			"faces": {
				"north": {"uv": [8.5, 0, 9, 1.75], "texture": "#0"},
				"east": {"uv": [2, 0, 4, 1.75], "texture": "#0"},
				"south": {"uv": [8.5, 2, 9, 3.75], "texture": "#0"},
				"west": {"uv": [2, 2, 4, 3.75], "texture": "#0"},
				"up": {"uv": [1, 10, 0.5, 8], "texture": "#0"},
				"down": {"uv": [1.5, 8, 1, 10], "texture": "#0"}
			}
		},
		{
			"name": "hexadecagon",
			"from": [9.60218, 0, 2.5],
			"to": [10.39782, 3, 6.5],
			"rotation": {"angle": 0, "axis": "y", "origin": [10, 3, 4.5]},
			"faces": {
				"north": {"uv": [4, 8.5, 4.5, 10.25], "texture": "#0"},
				"east": {"uv": [0, 4, 2, 5.75], "texture": "#0"},
				"south": {"uv": [4.5, 8.5, 5, 10.25], "texture": "#0"},
				"west": {"uv": [4, 0, 6, 1.75], "texture": "#0"},
				"up": {"uv": [2, 10, 1.5, 8], "texture": "#0"},
				"down": {"uv": [2.5, 8, 2, 10], "texture": "#0"}
			}
		},
		{
			"name": "hexadecagon",
			"from": [9.60218, 0, 2.5],
			"to": [10.39782, 3, 6.5],
			"rotation": {"angle": 22.5, "axis": "y", "origin": [10, 3, 4.5]},
			"faces": {
				"north": {"uv": [5, 8.5, 5.5, 10.25], "texture": "#0"},
				"east": {"uv": [2, 4, 4, 5.75], "texture": "#0"},
				"south": {"uv": [5.5, 8.5, 6, 10.25], "texture": "#0"},
				"west": {"uv": [4, 2, 6, 3.75], "texture": "#0"},
				"up": {"uv": [8.5, 4, 8, 2], "texture": "#0"},
				"down": {"uv": [3, 8, 2.5, 10], "texture": "#0"}
			}
		},
		{
			"name": "hexadecagon",
			"from": [9.60218, 0, 2.5],
			"to": [10.39782, 3, 6.5],
			"rotation": {"angle": 45, "axis": "y", "origin": [10, 3, 4.5]},
			"faces": {
				"north": {"uv": [6, 8.5, 6.5, 10.25], "texture": "#0"},
				"east": {"uv": [4, 4, 6, 5.75], "texture": "#0"},
				"south": {"uv": [8.5, 6, 9, 7.75], "texture": "#0"},
				"west": {"uv": [0, 6, 2, 7.75], "texture": "#0"},
				"up": {"uv": [3.5, 10, 3, 8], "texture": "#0"},
				"down": {"uv": [4, 8, 3.5, 10], "texture": "#0"}
			}
		},
		{
			"name": "hexadecagon",
			"from": [8, 0, 4.10218],
			"to": [12, 3, 4.89782],
			"rotation": {"angle": -22.5, "axis": "y", "origin": [10, 3, 4.5]},
			"faces": {
				"north": {"uv": [6, 0, 8, 1.75], "texture": "#0"},
				"east": {"uv": [6.5, 8.5, 7, 10.25], "texture": "#0"},
				"south": {"uv": [2, 6, 4, 7.75], "texture": "#0"},
				"west": {"uv": [7, 8.5, 7.5, 10.25], "texture": "#0"},
				"up": {"uv": [6, 8.5, 4, 8], "texture": "#0"},
				"down": {"uv": [10, 4, 8, 4.5], "texture": "#0"}
			}
		},
		{
			"name": "hexadecagon",
			"from": [8, 0, 4.10218],
			"to": [12, 3, 4.89782],
			"rotation": {"angle": 0, "axis": "y", "origin": [10, 3, 4.5]},
			"faces": {
				"north": {"uv": [6, 2, 8, 3.75], "texture": "#0"},
				"east": {"uv": [7.5, 8.5, 8, 10.25], "texture": "#0"},
				"south": {"uv": [4, 6, 6, 7.75], "texture": "#0"},
				"west": {"uv": [8.5, 8, 9, 9.75], "texture": "#0"},
				"up": {"uv": [10, 5, 8, 4.5], "texture": "#0"},
				"down": {"uv": [10, 5, 8, 5.5], "texture": "#0"}
			}
		},
		{
			"name": "hexadecagon",
			"from": [8, 0, 4.10218],
			"to": [12, 3, 4.89782],
			"rotation": {"angle": 22.5, "axis": "y", "origin": [10, 3, 4.5]},
			"faces": {
				"north": {"uv": [6, 4, 8, 5.75], "texture": "#0"},
				"east": {"uv": [9, 0, 9.5, 1.75], "texture": "#0"},
				"south": {"uv": [6, 6, 8, 7.75], "texture": "#0"},
				"west": {"uv": [9, 2, 9.5, 3.75], "texture": "#0"},
				"up": {"uv": [10, 6, 8, 5.5], "texture": "#0"},
				"down": {"uv": [8, 8, 6, 8.5], "texture": "#0"}
			}
		},
		{
			"name": "hexadecagon",
			"from": [5.60218, 0, 2.5],
			"to": [6.39782, 3, 6.5],
			"rotation": {"angle": -45, "axis": "y", "origin": [6, 3, 4.5]},
			"faces": {
				"north": {"uv": [8, 6, 8.5, 7.75], "texture": "#0"},
				"east": {"uv": [0, 0, 2, 1.75], "texture": "#0"},
				"south": {"uv": [8, 8, 8.5, 9.75], "texture": "#0"},
				"west": {"uv": [0, 2, 2, 3.75], "texture": "#0"},
				"up": {"uv": [0.5, 10, 0, 8], "texture": "#0"},
				"down": {"uv": [8.5, 0, 8, 2], "texture": "#0"}
			}
		},
		{
			"name": "hexadecagon",
			"from": [5.60218, 0, 2.5],
			"to": [6.39782, 3, 6.5],
			"rotation": {"angle": -22.5, "axis": "y", "origin": [6, 3, 4.5]},
			"faces": {
				"north": {"uv": [8.5, 0, 9, 1.75], "texture": "#0"},
				"east": {"uv": [2, 0, 4, 1.75], "texture": "#0"},
				"south": {"uv": [8.5, 2, 9, 3.75], "texture": "#0"},
				"west": {"uv": [2, 2, 4, 3.75], "texture": "#0"},
				"up": {"uv": [1, 10, 0.5, 8], "texture": "#0"},
				"down": {"uv": [1.5, 8, 1, 10], "texture": "#0"}
			}
		},
		{
			"name": "hexadecagon",
			"from": [5.60218, 0, 2.5],
			"to": [6.39782, 3, 6.5],
			"rotation": {"angle": 0, "axis": "y", "origin": [6, 3, 4.5]},
			"faces": {
				"north": {"uv": [4, 8.5, 4.5, 10.25], "texture": "#0"},
				"east": {"uv": [0, 4, 2, 5.75], "texture": "#0"},
				"south": {"uv": [4.5, 8.5, 5, 10.25], "texture": "#0"},
				"west": {"uv": [4, 0, 6, 1.75], "texture": "#0"},
				"up": {"uv": [2, 10, 1.5, 8], "texture": "#0"},
				"down": {"uv": [2.5, 8, 2, 10], "texture": "#0"}
			}
		},
		{
			"name": "hexadecagon",
			"from": [5.60218, 0, 2.5],
			"to": [6.39782, 3, 6.5],
			"rotation": {"angle": 22.5, "axis": "y", "origin": [6, 3, 4.5]},
			"faces": {
				"north": {"uv": [5, 8.5, 5.5, 10.25], "texture": "#0"},
				"east": {"uv": [2, 4, 4, 5.75], "texture": "#0"},
				"south": {"uv": [5.5, 8.5, 6, 10.25], "texture": "#0"},
				"west": {"uv": [4, 2, 6, 3.75], "texture": "#0"},
				"up": {"uv": [8.5, 4, 8, 2], "texture": "#0"},
				"down": {"uv": [3, 8, 2.5, 10], "texture": "#0"}
			}
		},
		{
			"name": "hexadecagon",
			"from": [5.60218, 0, 2.5],
			"to": [6.39782, 3, 6.5],
			"rotation": {"angle": 45, "axis": "y", "origin": [6, 3, 4.5]},
			"faces": {
				"north": {"uv": [6, 8.5, 6.5, 10.25], "texture": "#0"},
				"east": {"uv": [4, 4, 6, 5.75], "texture": "#0"},
				"south": {"uv": [8.5, 6, 9, 7.75], "texture": "#0"},
				"west": {"uv": [0, 6, 2, 7.75], "texture": "#0"},
				"up": {"uv": [3.5, 10, 3, 8], "texture": "#0"},
				"down": {"uv": [4, 8, 3.5, 10], "texture": "#0"}
			}
		},
		{
			"name": "hexadecagon",
			"from": [4, 0, 4.10218],
			"to": [8, 3, 4.89782],
			"rotation": {"angle": -22.5, "axis": "y", "origin": [6, 3, 4.5]},
			"faces": {
				"north": {"uv": [6, 0, 8, 1.75], "texture": "#0"},
				"east": {"uv": [6.5, 8.5, 7, 10.25], "texture": "#0"},
				"south": {"uv": [2, 6, 4, 7.75], "texture": "#0"},
				"west": {"uv": [7, 8.5, 7.5, 10.25], "texture": "#0"},
				"up": {"uv": [6, 8.5, 4, 8], "texture": "#0"},
				"down": {"uv": [10, 4, 8, 4.5], "texture": "#0"}
			}
		},
		{
			"name": "hexadecagon",
			"from": [4, 0, 4.10218],
			"to": [8, 3, 4.89782],
			"rotation": {"angle": 0, "axis": "y", "origin": [6, 3, 4.5]},
			"faces": {
				"north": {"uv": [6, 2, 8, 3.75], "texture": "#0"},
				"east": {"uv": [7.5, 8.5, 8, 10.25], "texture": "#0"},
				"south": {"uv": [4, 6, 6, 7.75], "texture": "#0"},
				"west": {"uv": [8.5, 8, 9, 9.75], "texture": "#0"},
				"up": {"uv": [10, 5, 8, 4.5], "texture": "#0"},
				"down": {"uv": [10, 5, 8, 5.5], "texture": "#0"}
			}
		},
		{
			"name": "hexadecagon",
			"from": [4, 0, 4.10218],
			"to": [8, 3, 4.89782],
			"rotation": {"angle": 22.5, "axis": "y", "origin": [6, 3, 4.5]},
			"faces": {
				"north": {"uv": [6, 4, 8, 5.75], "texture": "#0"},
				"east": {"uv": [9, 0, 9.5, 1.75], "texture": "#0"},
				"south": {"uv": [6, 6, 8, 7.75], "texture": "#0"},
				"west": {"uv": [9, 2, 9.5, 3.75], "texture": "#0"},
				"up": {"uv": [10, 6, 8, 5.5], "texture": "#0"},
				"down": {"uv": [8, 8, 6, 8.5], "texture": "#0"}
			}
		},
		{
			"name": "hexadecagon",
			"from": [9.60218, 0, 6.5],
			"to": [10.39782, 3.5, 10.5],
			"rotation": {"angle": -45, "axis": "y", "origin": [10, 3, 8.5]},
			"faces": {
				"north": {"uv": [8, 6, 8.5, 7.75], "texture": "#0"},
				"east": {"uv": [0, 0, 2, 1.75], "texture": "#0"},
				"south": {"uv": [8, 8, 8.5, 9.75], "texture": "#0"},
				"west": {"uv": [0, 2, 2, 3.75], "texture": "#0"},
				"up": {"uv": [0.5, 10, 0, 8], "texture": "#0"},
				"down": {"uv": [8.5, 0, 8, 2], "texture": "#0"}
			}
		},
		{
			"name": "hexadecagon",
			"from": [9.60218, 0, 6.5],
			"to": [10.39782, 3.5, 10.5],
			"rotation": {"angle": -22.5, "axis": "y", "origin": [10, 3, 8.5]},
			"faces": {
				"north": {"uv": [8.5, 0, 9, 1.75], "texture": "#0"},
				"east": {"uv": [2, 0, 4, 1.75], "texture": "#0"},
				"south": {"uv": [8.5, 2, 9, 3.75], "texture": "#0"},
				"west": {"uv": [2, 2, 4, 3.75], "texture": "#0"},
				"up": {"uv": [1, 10, 0.5, 8], "texture": "#0"},
				"down": {"uv": [1.5, 8, 1, 10], "texture": "#0"}
			}
		},
		{
			"name": "hexadecagon",
			"from": [9.60218, 0, 6.5],
			"to": [10.39782, 3.5, 10.5],
			"rotation": {"angle": 0, "axis": "y", "origin": [10, 3, 8.5]},
			"faces": {
				"north": {"uv": [4, 8.5, 4.5, 10.25], "texture": "#0"},
				"east": {"uv": [0, 4, 2, 5.75], "texture": "#0"},
				"south": {"uv": [4.5, 8.5, 5, 10.25], "texture": "#0"},
				"west": {"uv": [4, 0, 6, 1.75], "texture": "#0"},
				"up": {"uv": [2, 10, 1.5, 8], "texture": "#0"},
				"down": {"uv": [2.5, 8, 2, 10], "texture": "#0"}
			}
		},
		{
			"name": "hexadecagon",
			"from": [9.60218, 0, 6.5],
			"to": [10.39782, 3.5, 10.5],
			"rotation": {"angle": 22.5, "axis": "y", "origin": [10, 3, 8.5]},
			"faces": {
				"north": {"uv": [5, 8.5, 5.5, 10.25], "texture": "#0"},
				"east": {"uv": [2, 4, 4, 5.75], "texture": "#0"},
				"south": {"uv": [5.5, 8.5, 6, 10.25], "texture": "#0"},
				"west": {"uv": [4, 2, 6, 3.75], "texture": "#0"},
				"up": {"uv": [8.5, 4, 8, 2], "texture": "#0"},
				"down": {"uv": [3, 8, 2.5, 10], "texture": "#0"}
			}
		},
		{
			"name": "hexadecagon",
			"from": [9.60218, 0, 6.5],
			"to": [10.39782, 3.5, 10.5],
			"rotation": {"angle": 45, "axis": "y", "origin": [10, 3, 8.5]},
			"faces": {
				"north": {"uv": [6, 8.5, 6.5, 10.25], "texture": "#0"},
				"east": {"uv": [4, 4, 6, 5.75], "texture": "#0"},
				"south": {"uv": [8.5, 6, 9, 7.75], "texture": "#0"},
				"west": {"uv": [0, 6, 2, 7.75], "texture": "#0"},
				"up": {"uv": [3.5, 10, 3, 8], "texture": "#0"},
				"down": {"uv": [4, 8, 3.5, 10], "texture": "#0"}
			}
		},
		{
			"name": "hexadecagon",
			"from": [8, 0, 8.10218],
			"to": [12, 3.5, 8.89782],
			"rotation": {"angle": -22.5, "axis": "y", "origin": [10, 3, 8.5]},
			"faces": {
				"north": {"uv": [6, 0, 8, 1.75], "texture": "#0"},
				"east": {"uv": [6.5, 8.5, 7, 10.25], "texture": "#0"},
				"south": {"uv": [2, 6, 4, 7.75], "texture": "#0"},
				"west": {"uv": [7, 8.5, 7.5, 10.25], "texture": "#0"},
				"up": {"uv": [6, 8.5, 4, 8], "texture": "#0"},
				"down": {"uv": [10, 4, 8, 4.5], "texture": "#0"}
			}
		},
		{
			"name": "hexadecagon",
			"from": [8, 0, 8.10218],
			"to": [12, 3.5, 8.89782],
			"rotation": {"angle": 0, "axis": "y", "origin": [10, 3, 8.5]},
			"faces": {
				"north": {"uv": [6, 2, 8, 3.75], "texture": "#0"},
				"east": {"uv": [7.5, 8.5, 8, 10.25], "texture": "#0"},
				"south": {"uv": [4, 6, 6, 7.75], "texture": "#0"},
				"west": {"uv": [8.5, 8, 9, 9.75], "texture": "#0"},
				"up": {"uv": [10, 5, 8, 4.5], "texture": "#0"},
				"down": {"uv": [10, 5, 8, 5.5], "texture": "#0"}
			}
		},
		{
			"name": "hexadecagon",
			"from": [8, 0, 8.10218],
			"to": [12, 3.5, 8.89782],
			"rotation": {"angle": 22.5, "axis": "y", "origin": [10, 3, 8.5]},
			"faces": {
				"north": {"uv": [6, 4, 8, 5.75], "texture": "#0"},
				"east": {"uv": [9, 0, 9.5, 1.75], "texture": "#0"},
				"south": {"uv": [6, 6, 8, 7.75], "texture": "#0"},
				"west": {"uv": [9, 2, 9.5, 3.75], "texture": "#0"},
				"up": {"uv": [10, 6, 8, 5.5], "texture": "#0"},
				"down": {"uv": [8, 8, 6, 8.5], "texture": "#0"}
			}
		},
		{
			"name": "hexadecagon",
			"from": [5.60218, 0, 6.5],
			"to": [6.39782, 3.5, 10.5],
			"rotation": {"angle": -45, "axis": "y", "origin": [6, 3, 8.5]},
			"faces": {
				"north": {"uv": [8, 6, 8.5, 7.75], "texture": "#0"},
				"east": {"uv": [0, 0, 2, 1.75], "texture": "#0"},
				"south": {"uv": [8, 8, 8.5, 9.75], "texture": "#0"},
				"west": {"uv": [0, 2, 2, 3.75], "texture": "#0"},
				"up": {"uv": [0.5, 10, 0, 8], "texture": "#0"},
				"down": {"uv": [8.5, 0, 8, 2], "texture": "#0"}
			}
		},
		{
			"name": "hexadecagon",
			"from": [5.60218, 0, 6.5],
			"to": [6.39782, 3.5, 10.5],
			"rotation": {"angle": -22.5, "axis": "y", "origin": [6, 3, 8.5]},
			"faces": {
				"north": {"uv": [8.5, 0, 9, 1.75], "texture": "#0"},
				"east": {"uv": [2, 0, 4, 1.75], "texture": "#0"},
				"south": {"uv": [8.5, 2, 9, 3.75], "texture": "#0"},
				"west": {"uv": [2, 2, 4, 3.75], "texture": "#0"},
				"up": {"uv": [1, 10, 0.5, 8], "texture": "#0"},
				"down": {"uv": [1.5, 8, 1, 10], "texture": "#0"}
			}
		},
		{
			"name": "hexadecagon",
			"from": [5.60218, 0, 6.5],
			"to": [6.39782, 3.5, 10.5],
			"rotation": {"angle": 0, "axis": "y", "origin": [6, 3, 8.5]},
			"faces": {
				"north": {"uv": [4, 8.5, 4.5, 10.25], "texture": "#0"},
				"east": {"uv": [0, 4, 2, 5.75], "texture": "#0"},
				"south": {"uv": [4.5, 8.5, 5, 10.25], "texture": "#0"},
				"west": {"uv": [4, 0, 6, 1.75], "texture": "#0"},
				"up": {"uv": [2, 10, 1.5, 8], "texture": "#0"},
				"down": {"uv": [2.5, 8, 2, 10], "texture": "#0"}
			}
		},
		{
			"name": "hexadecagon",
			"from": [5.60218, 0, 6.5],
			"to": [6.39782, 3.5, 10.5],
			"rotation": {"angle": 22.5, "axis": "y", "origin": [6, 3, 8.5]},
			"faces": {
				"north": {"uv": [5, 8.5, 5.5, 10.25], "texture": "#0"},
				"east": {"uv": [2, 4, 4, 5.75], "texture": "#0"},
				"south": {"uv": [5.5, 8.5, 6, 10.25], "texture": "#0"},
				"west": {"uv": [4, 2, 6, 3.75], "texture": "#0"},
				"up": {"uv": [8.5, 4, 8, 2], "texture": "#0"},
				"down": {"uv": [3, 8, 2.5, 10], "texture": "#0"}
			}
		},
		{
			"name": "hexadecagon",
			"from": [5.60218, 0, 6.5],
			"to": [6.39782, 3.5, 10.5],
			"rotation": {"angle": 45, "axis": "y", "origin": [6, 3, 8.5]},
			"faces": {
				"north": {"uv": [6, 8.5, 6.5, 10.25], "texture": "#0"},
				"east": {"uv": [4, 4, 6, 5.75], "texture": "#0"},
				"south": {"uv": [8.5, 6, 9, 7.75], "texture": "#0"},
				"west": {"uv": [0, 6, 2, 7.75], "texture": "#0"},
				"up": {"uv": [3.5, 10, 3, 8], "texture": "#0"},
				"down": {"uv": [4, 8, 3.5, 10], "texture": "#0"}
			}
		},
		{
			"name": "hexadecagon",
			"from": [4, 0, 8.10218],
			"to": [8, 3.5, 8.89782],
			"rotation": {"angle": -22.5, "axis": "y", "origin": [6, 3, 8.5]},
			"faces": {
				"north": {"uv": [6, 0, 8, 1.75], "texture": "#0"},
				"east": {"uv": [6.5, 8.5, 7, 10.25], "texture": "#0"},
				"south": {"uv": [2, 6, 4, 7.75], "texture": "#0"},
				"west": {"uv": [7, 8.5, 7.5, 10.25], "texture": "#0"},
				"up": {"uv": [6, 8.5, 4, 8], "texture": "#0"},
				"down": {"uv": [10, 4, 8, 4.5], "texture": "#0"}
			}
		},
		{
			"name": "hexadecagon",
			"from": [4, 0, 8.10218],
			"to": [8, 3.5, 8.89782],
			"rotation": {"angle": 0, "axis": "y", "origin": [6, 3, 8.5]},
			"faces": {
				"north": {"uv": [6, 2, 8, 3.75], "texture": "#0"},
				"east": {"uv": [7.5, 8.5, 8, 10.25], "texture": "#0"},
				"south": {"uv": [4, 6, 6, 7.75], "texture": "#0"},
				"west": {"uv": [8.5, 8, 9, 9.75], "texture": "#0"},
				"up": {"uv": [10, 5, 8, 4.5], "texture": "#0"},
				"down": {"uv": [10, 5, 8, 5.5], "texture": "#0"}
			}
		},
		{
			"name": "hexadecagon",
			"from": [4, 0, 8.10218],
			"to": [8, 3.5, 8.89782],
			"rotation": {"angle": 22.5, "axis": "y", "origin": [6, 3, 8.5]},
			"faces": {
				"north": {"uv": [6, 4, 8, 5.75], "texture": "#0"},
				"east": {"uv": [9, 0, 9.5, 1.75], "texture": "#0"},
				"south": {"uv": [6, 6, 8, 7.75], "texture": "#0"},
				"west": {"uv": [9, 2, 9.5, 3.75], "texture": "#0"},
				"up": {"uv": [10, 6, 8, 5.5], "texture": "#0"},
				"down": {"uv": [8, 8, 6, 8.5], "texture": "#0"}
			}
		},
		{
			"name": "hexadecagon",
			"from": [9.60218, 0, 10.5],
			"to": [10.39782, 3.25, 14.5],
			"rotation": {"angle": -45, "axis": "y", "origin": [10, 3, 12.5]},
			"faces": {
				"north": {"uv": [8, 6, 8.5, 7.75], "texture": "#0"},
				"east": {"uv": [0, 0, 2, 1.75], "texture": "#0"},
				"south": {"uv": [8, 8, 8.5, 9.75], "texture": "#0"},
				"west": {"uv": [0, 2, 2, 3.75], "texture": "#0"},
				"up": {"uv": [0.5, 10, 0, 8], "texture": "#0"},
				"down": {"uv": [8.5, 0, 8, 2], "texture": "#0"}
			}
		},
		{
			"name": "hexadecagon",
			"from": [9.60218, 0, 10.5],
			"to": [10.39782, 3.25, 14.5],
			"rotation": {"angle": -22.5, "axis": "y", "origin": [10, 3, 12.5]},
			"faces": {
				"north": {"uv": [8.5, 0, 9, 1.75], "texture": "#0"},
				"east": {"uv": [2, 0, 4, 1.75], "texture": "#0"},
				"south": {"uv": [8.5, 2, 9, 3.75], "texture": "#0"},
				"west": {"uv": [2, 2, 4, 3.75], "texture": "#0"},
				"up": {"uv": [1, 10, 0.5, 8], "texture": "#0"},
				"down": {"uv": [1.5, 8, 1, 10], "texture": "#0"}
			}
		},
		{
			"name": "hexadecagon",
			"from": [9.60218, 0, 10.5],
			"to": [10.39782, 3.25, 14.5],
			"rotation": {"angle": 0, "axis": "y", "origin": [10, 3, 12.5]},
			"faces": {
				"north": {"uv": [4, 8.5, 4.5, 10.25], "texture": "#0"},
				"east": {"uv": [0, 4, 2, 5.75], "texture": "#0"},
				"south": {"uv": [4.5, 8.5, 5, 10.25], "texture": "#0"},
				"west": {"uv": [4, 0, 6, 1.75], "texture": "#0"},
				"up": {"uv": [2, 10, 1.5, 8], "texture": "#0"},
				"down": {"uv": [2.5, 8, 2, 10], "texture": "#0"}
			}
		},
		{
			"name": "hexadecagon",
			"from": [9.60218, 0, 10.5],
			"to": [10.39782, 3.25, 14.5],
			"rotation": {"angle": 22.5, "axis": "y", "origin": [10, 3, 12.5]},
			"faces": {
				"north": {"uv": [5, 8.5, 5.5, 10.25], "texture": "#0"},
				"east": {"uv": [2, 4, 4, 5.75], "texture": "#0"},
				"south": {"uv": [5.5, 8.5, 6, 10.25], "texture": "#0"},
				"west": {"uv": [4, 2, 6, 3.75], "texture": "#0"},
				"up": {"uv": [8.5, 4, 8, 2], "texture": "#0"},
				"down": {"uv": [3, 8, 2.5, 10], "texture": "#0"}
			}
		},
		{
			"name": "hexadecagon",
			"from": [9.60218, 0, 10.5],
			"to": [10.39782, 3.25, 14.5],
			"rotation": {"angle": 45, "axis": "y", "origin": [10, 3, 12.5]},
			"faces": {
				"north": {"uv": [6, 8.5, 6.5, 10.25], "texture": "#0"},
				"east": {"uv": [4, 4, 6, 5.75], "texture": "#0"},
				"south": {"uv": [8.5, 6, 9, 7.75], "texture": "#0"},
				"west": {"uv": [0, 6, 2, 7.75], "texture": "#0"},
				"up": {"uv": [3.5, 10, 3, 8], "texture": "#0"},
				"down": {"uv": [4, 8, 3.5, 10], "texture": "#0"}
			}
		},
		{
			"name": "hexadecagon",
			"from": [8, 0, 12.10218],
			"to": [12, 3.25, 12.89782],
			"rotation": {"angle": -22.5, "axis": "y", "origin": [10, 3, 12.5]},
			"faces": {
				"north": {"uv": [6, 0, 8, 1.75], "texture": "#0"},
				"east": {"uv": [6.5, 8.5, 7, 10.25], "texture": "#0"},
				"south": {"uv": [2, 6, 4, 7.75], "texture": "#0"},
				"west": {"uv": [7, 8.5, 7.5, 10.25], "texture": "#0"},
				"up": {"uv": [6, 8.5, 4, 8], "texture": "#0"},
				"down": {"uv": [10, 4, 8, 4.5], "texture": "#0"}
			}
		},
		{
			"name": "hexadecagon",
			"from": [8, 0, 12.10218],
			"to": [12, 3.25, 12.89782],
			"rotation": {"angle": 0, "axis": "y", "origin": [10, 3, 12.5]},
			"faces": {
				"north": {"uv": [6, 2, 8, 3.75], "texture": "#0"},
				"east": {"uv": [7.5, 8.5, 8, 10.25], "texture": "#0"},
				"south": {"uv": [4, 6, 6, 7.75], "texture": "#0"},
				"west": {"uv": [8.5, 8, 9, 9.75], "texture": "#0"},
				"up": {"uv": [10, 5, 8, 4.5], "texture": "#0"},
				"down": {"uv": [10, 5, 8, 5.5], "texture": "#0"}
			}
		},
		{
			"name": "hexadecagon",
			"from": [8, 0, 12.10218],
			"to": [12, 3.25, 12.89782],
			"rotation": {"angle": 22.5, "axis": "y", "origin": [10, 3, 12.5]},
			"faces": {
				"north": {"uv": [6, 4, 8, 5.75], "texture": "#0"},
				"east": {"uv": [9, 0, 9.5, 1.75], "texture": "#0"},
				"south": {"uv": [6, 6, 8, 7.75], "texture": "#0"},
				"west": {"uv": [9, 2, 9.5, 3.75], "texture": "#0"},
				"up": {"uv": [10, 6, 8, 5.5], "texture": "#0"},
				"down": {"uv": [8, 8, 6, 8.5], "texture": "#0"}
			}
		},
		{
			"name": "hexadecagon",
			"from": [5.60218, 0, 10.5],
			"to": [6.39782, 3.25, 14.5],
			"rotation": {"angle": -45, "axis": "y", "origin": [6, 3, 12.5]},
			"faces": {
				"north": {"uv": [8, 6, 8.5, 7.75], "texture": "#0"},
				"east": {"uv": [0, 0, 2, 1.75], "texture": "#0"},
				"south": {"uv": [8, 8, 8.5, 9.75], "texture": "#0"},
				"west": {"uv": [0, 2, 2, 3.75], "texture": "#0"},
				"up": {"uv": [0.5, 10, 0, 8], "texture": "#0"},
				"down": {"uv": [8.5, 0, 8, 2], "texture": "#0"}
			}
		},
		{
			"name": "hexadecagon",
			"from": [5.60218, 0, 10.5],
			"to": [6.39782, 3.25, 14.5],
			"rotation": {"angle": -22.5, "axis": "y", "origin": [6, 3, 12.5]},
			"faces": {
				"north": {"uv": [8.5, 0, 9, 1.75], "texture": "#0"},
				"east": {"uv": [2, 0, 4, 1.75], "texture": "#0"},
				"south": {"uv": [8.5, 2, 9, 3.75], "texture": "#0"},
				"west": {"uv": [2, 2, 4, 3.75], "texture": "#0"},
				"up": {"uv": [1, 10, 0.5, 8], "texture": "#0"},
				"down": {"uv": [1.5, 8, 1, 10], "texture": "#0"}
			}
		},
		{
			"name": "hexadecagon",
			"from": [5.60218, 0, 10.5],
			"to": [6.39782, 3.25, 14.5],
			"rotation": {"angle": 0, "axis": "y", "origin": [6, 3, 12.5]},
			"faces": {
				"north": {"uv": [4, 8.5, 4.5, 10.25], "texture": "#0"},
				"east": {"uv": [0, 4, 2, 5.75], "texture": "#0"},
				"south": {"uv": [4.5, 8.5, 5, 10.25], "texture": "#0"},
				"west": {"uv": [4, 0, 6, 1.75], "texture": "#0"},
				"up": {"uv": [2, 10, 1.5, 8], "texture": "#0"},
				"down": {"uv": [2.5, 8, 2, 10], "texture": "#0"}
			}
		},
		{
			"name": "hexadecagon",
			"from": [5.60218, 0, 10.5],
			"to": [6.39782, 3.25, 14.5],
			"rotation": {"angle": 22.5, "axis": "y", "origin": [6, 3, 12.5]},
			"faces": {
				"north": {"uv": [5, 8.5, 5.5, 10.25], "texture": "#0"},
				"east": {"uv": [2, 4, 4, 5.75], "texture": "#0"},
				"south": {"uv": [5.5, 8.5, 6, 10.25], "texture": "#0"},
				"west": {"uv": [4, 2, 6, 3.75], "texture": "#0"},
				"up": {"uv": [8.5, 4, 8, 2], "texture": "#0"},
				"down": {"uv": [3, 8, 2.5, 10], "texture": "#0"}
			}
		},
		{
			"name": "hexadecagon",
			"from": [5.60218, 0, 10.5],
			"to": [6.39782, 3.25, 14.5],
			"rotation": {"angle": 45, "axis": "y", "origin": [6, 3, 12.5]},
			"faces": {
				"north": {"uv": [6, 8.5, 6.5, 10.25], "texture": "#0"},
				"east": {"uv": [4, 4, 6, 5.75], "texture": "#0"},
				"south": {"uv": [8.5, 6, 9, 7.75], "texture": "#0"},
				"west": {"uv": [0, 6, 2, 7.75], "texture": "#0"},
				"up": {"uv": [3.5, 10, 3, 8], "texture": "#0"},
				"down": {"uv": [4, 8, 3.5, 10], "texture": "#0"}
			}
		},
		{
			"name": "hexadecagon",
			"from": [4, 0, 12.10218],
			"to": [8, 3.25, 12.89782],
			"rotation": {"angle": -22.5, "axis": "y", "origin": [6, 3, 12.5]},
			"faces": {
				"north": {"uv": [6, 0, 8, 1.75], "texture": "#0"},
				"east": {"uv": [6.5, 8.5, 7, 10.25], "texture": "#0"},
				"south": {"uv": [2, 6, 4, 7.75], "texture": "#0"},
				"west": {"uv": [7, 8.5, 7.5, 10.25], "texture": "#0"},
				"up": {"uv": [6, 8.5, 4, 8], "texture": "#0"},
				"down": {"uv": [10, 4, 8, 4.5], "texture": "#0"}
			}
		},
		{
			"name": "hexadecagon",
			"from": [4, 0, 12.10218],
			"to": [8, 3.25, 12.89782],
			"rotation": {"angle": 0, "axis": "y", "origin": [6, 3, 12.5]},
			"faces": {
				"north": {"uv": [6, 2, 8, 3.75], "texture": "#0"},
				"east": {"uv": [7.5, 8.5, 8, 10.25], "texture": "#0"},
				"south": {"uv": [4, 6, 6, 7.75], "texture": "#0"},
				"west": {"uv": [8.5, 8, 9, 9.75], "texture": "#0"},
				"up": {"uv": [10, 5, 8, 4.5], "texture": "#0"},
				"down": {"uv": [10, 5, 8, 5.5], "texture": "#0"}
			}
		},
		{
			"name": "hexadecagon",
			"from": [4, 0, 12.10218],
			"to": [8, 3.25, 12.89782],
			"rotation": {"angle": 22.5, "axis": "y", "origin": [6, 3, 12.5]},
			"faces": {
				"north": {"uv": [6, 4, 8, 5.75], "texture": "#0"},
				"east": {"uv": [9, 0, 9.5, 1.75], "texture": "#0"},
				"south": {"uv": [6, 6, 8, 7.75], "texture": "#0"},
				"west": {"uv": [9, 2, 9.5, 3.75], "texture": "#0"},
				"up": {"uv": [10, 6, 8, 5.5], "texture": "#0"},
				"down": {"uv": [8, 8, 6, 8.5], "texture": "#0"}
			}
		},
		{
			"from": [8, -3, 4],
			"to": [15, -3, 13],
			"rotation": {"angle": 22.5, "axis": "z", "origin": [0, 0, 0]},
			"faces": {
				"north": {"uv": [0, 0, 3.5, 0], "texture": "#1"},
				"east": {"uv": [0, 0, 4.5, 0], "texture": "#1"},
				"south": {"uv": [0, 0, 3.5, 0], "texture": "#1"},
				"west": {"uv": [0, 0, 4.5, 0], "texture": "#1"},
				"up": {"uv": [3.5, 4.5, 0, 0], "texture": "#1"},
				"down": {"uv": [7, 0, 3.5, 4.5], "texture": "#1"}
			}
		},
		{
			"from": [1, -3, 4],
			"to": [8, -3, 13],
			"rotation": {"angle": -22.5, "axis": "z", "origin": [16, 0, 0]},
			"faces": {
				"north": {"uv": [0, 0, 3.5, 0], "texture": "#1"},
				"east": {"uv": [0, 0, 4.5, 0], "texture": "#1"},
				"south": {"uv": [0, 0, 3.5, 0], "texture": "#1"},
				"west": {"uv": [0, 0, 4.5, 0], "texture": "#1"},
				"up": {"uv": [3.5, 9, 0, 4.5], "texture": "#1"},
				"down": {"uv": [7, 4.5, 3.5, 9], "texture": "#1"}
			}
		},
		{
			"from": [3, -0.1, 3],
			"to": [13, -0.1, 14],
			"faces": {
				"north": {"uv": [6, 1.5, 4.5, 1.5], "texture": "#1"},
				"east": {"uv": [6, 2, 4.5, 2], "texture": "#1"},
				"south": {"uv": [6, 1.5, 4.5, 1.5], "texture": "#1"},
				"west": {"uv": [6, 2, 4.5, 2], "texture": "#1"},
				"up": {"uv": [4.5, 2.5, 6, 8.5], "texture": "#1"},
				"down": {"uv": [1, 2, 2.5, 8], "texture": "#1"}
			}
		}
	],
	"display": {
		"thirdperson_righthand": {
			"rotation": [75, 45, 0],
			"translation": [0, 2.5, 2],
			"scale": [0.375, 0.375, 0.375]
		},
		"thirdperson_lefthand": {
			"rotation": [75, 45, 0],
			"translation": [0, 2.5, 2],
			"scale": [0.375, 0.375, 0.375]
		},
		"firstperson_righthand": {
			"rotation": [0, 45, 0],
			"translation": [0, 5.75, 0],
			"scale": [0.4, 0.4, 0.4]
		},
		"firstperson_lefthand": {
			"rotation": [0, 45, 0],
			"translation": [0, 5.75, 0],
			"scale": [0.4, 0.4, 0.4]
		},
		"ground": {
			"translation": [0, 1, 0],
			"scale": [0.25, 0.25, 0.25]
		},
		"gui": {
			"rotation": [30, 225, 0],
			"translation": [0.5, 4, 0],
			"scale": [0.75, 0.75, 0.75]
		},
		"head": {
			"translation": [0, 15, 0]
		},
		"fixed": {
			"rotation": [-90, 0, 0],
			"translation": [0, 0, -10.25],
			"scale": [1.25, 1.25, 1.25]
		}
	},
	"groups": [
		{
			"name": "hexadecagon",
			"origin": [8, 8, 8],
			"color": 0,
			"children": [0, 1, 2, 3, 4, 5, 6, 7, 8, 9, 10, 11, 12, 13, 14, 15]
		},
		{
			"name": "hexadecagon",
			"origin": [8, 8, 8],
			"color": 0,
			"children": [16, 17, 18, 19, 20, 21, 22, 23, 24, 25, 26, 27, 28, 29, 30, 31]
		},
		{
			"name": "hexadecagon",
			"origin": [8, 8, 8],
			"color": 0,
			"children": [32, 33, 34, 35, 36, 37, 38, 39, 40, 41, 42, 43, 44, 45, 46, 47]
		},
		48,
		49,
		50
	]
}