{
    "parent": "item/generated",
    "textures": {
        "layer0": "custom/bokuto"
    },
    "display": {
        "thirdperson_righthand": {
            "rotation": [ 0, 90, 45 ],
            "translation": [ 0, 6.0, 3.0 ],
            "scale": [ 1.85, 1.85, 0.85 ]
        },
        "thirdperson_lefthand": {
            "rotation": [ 0, -90, -45 ],
            "translation": [ 0, 6.0, 3.0 ],
            "scale": [ 1.85, 1.85, 0.85 ]
        },
        "firstperson_righthand": {
            "rotation": [ 0, 90, 65 ],
            "translation": [ 1.13, 4.2, 1.13 ],
            "scale": [ 1, 1, 0.65 ]
        },
        "firstperson_lefthand": {
            "rotation": [ 0, -90, -65 ],
            "translation": [ 1.13, 4.2, 1.13 ],
            "scale": [ 1, 1, 0.65 ]
        },
        "gui": {
			"scale": [1.25, 1.25, 1.25]
		}
    }
}
