{
	"credit": "Made with Blockbench",
	"textures": {
		"0": "custom/bowtieatlas",
		"particle": "custom/bowtieatlas"
	},
	"elements": [
		{
			"from": [1, 5, 3.5],
			"to": [1, 10, 12.5],
			"faces": {
				"north": {"uv": [0, 0, 0, 5], "texture": "#0"},
				"east": {"uv": [0, 0, 9, 5], "texture": "#0"},
				"south": {"uv": [0, 0, 0, 5], "texture": "#0"},
				"west": {"uv": [0, 5, 9, 10], "texture": "#0"},
				"up": {"uv": [0, 9, 0, 0], "texture": "#0"},
				"down": {"uv": [0, 0, 0, 9], "texture": "#0"}
			}
		}
	],
	"display": {
		"thirdperson_righthand": {
			"rotation": [75, 45, 0],
			"translation": [0, 3.25, -1],
			"scale": [0.45, 0.45, 0.45]
		},
		"thirdperson_lefthand": {
			"rotation": [75, -135, 0],
			"translation": [0, 3.25, -1],
			"scale": [0.45, 0.45, 0.45]
		},
		"firstperson_righthand": {
			"rotation": [0, 45, 0],
			"translation": [0, 4.5, 0],
			"scale": [0.5, 0.5, 0.5]
		},
		"firstperson_lefthand": {
			"rotation": [0, -135, 0],
			"translation": [0, 4.5, 0],
			"scale": [0.5, 0.5, 0.5]
		},
		"ground": {
			"translation": [3.5, 0, 0],
			"scale": [0.5, 0.5, 0.5]
		},
		"gui": {
			"rotation": [30, 45, 0],
			"translation": [5, 2.5, 0]
		},
		"head": {
			"translation": [1.5, 2, 0],
			"scale": [1.25, 1.25, 1.25]
		},
		"fixed": {
			"rotation": [0, -90, 0],
			"translation": [0, 0, 10],
			"scale": [1.5, 1.5, 1.5]
		}
	}
}