{
	"credit": "Made with Blockbench",
	"textures": {
		"0": "custom/farmerhat_atlas",
		"1": "custom/farmerhat_strap",
		"particle": "custom/farmerhat_atlas"
	},
	"elements": [
		{
			"name": "hexadecagon",
			"from": [6.4087, 7, 0],
			"to": [9.5913, 8, 16],
			"rotation": {"angle": -45, "axis": "y", "origin": [8, 8, 8]},
			"faces": {
				"north": {"uv": [7.5, 10.75, 8.25, 11], "texture": "#0"},
				"east": {"uv": [8.25, 6.75, 12.25, 7], "texture": "#0"},
				"south": {"uv": [7.5, 11, 8.25, 11.25], "texture": "#0"},
				"west": {"uv": [8.25, 7, 12.25, 7.25], "texture": "#0"},
				"up": {"uv": [0.75, 4, 0, 0], "texture": "#0"},
				"down": {"uv": [1.5, 0, 0.75, 4], "texture": "#0"}
			}
		},
		{
			"name": "hexadecagon",
			"from": [6.4087, 7, 0],
			"to": [9.5913, 8, 16],
			"rotation": {"angle": -22.5, "axis": "y", "origin": [8, 8, 8]},
			"faces": {
				"north": {"uv": [5, 11.5, 5.75, 11.75], "texture": "#0"},
				"east": {"uv": [8.25, 7.25, 12.25, 7.5], "texture": "#0"},
				"south": {"uv": [5.75, 11.5, 6.5, 11.75], "texture": "#0"},
				"west": {"uv": [8.25, 7.5, 12.25, 7.75], "texture": "#0"},
				"up": {"uv": [2.25, 4, 1.5, 0], "texture": "#0"},
				"down": {"uv": [3, 0, 2.25, 4], "texture": "#0"}
			}
		},
		{
			"name": "hexadecagon",
			"from": [6.4087, 7, 0],
			"to": [9.5913, 8, 16],
			"rotation": {"angle": 0, "axis": "y", "origin": [8, 8, 8]},
			"faces": {
				"north": {"uv": [6.5, 11.5, 7.25, 11.75], "texture": "#0"},
				"east": {"uv": [8.25, 7.75, 12.25, 8], "texture": "#0"},
				"south": {"uv": [7.25, 11.5, 8, 11.75], "texture": "#0"},
				"west": {"uv": [8.25, 8, 12.25, 8.25], "texture": "#0"},
				"up": {"uv": [3.75, 4, 3, 0], "texture": "#0"},
				"down": {"uv": [4.5, 0, 3.75, 4], "texture": "#0"}
			}
		},
		{
			"name": "hexadecagon",
			"from": [6.4087, 7, 0],
			"to": [9.5913, 8, 16],
			"rotation": {"angle": 22.5, "axis": "y", "origin": [8, 8, 8]},
			"faces": {
				"north": {"uv": [8.75, 11.5, 9.5, 11.75], "texture": "#0"},
				"east": {"uv": [8.25, 8.25, 12.25, 8.5], "texture": "#0"},
				"south": {"uv": [10.75, 11.5, 11.5, 11.75], "texture": "#0"},
				"west": {"uv": [8.5, 0, 12.5, 0.25], "texture": "#0"},
				"up": {"uv": [0.75, 8, 0, 4], "texture": "#0"},
				"down": {"uv": [1.5, 4, 0.75, 8], "texture": "#0"}
			}
		},
		{
			"name": "hexadecagon",
			"from": [6.4087, 7, 0],
			"to": [9.5913, 8, 16],
			"rotation": {"angle": 45, "axis": "y", "origin": [8, 8, 8]},
			"faces": {
				"north": {"uv": [11.5, 11.5, 12.25, 11.75], "texture": "#0"},
				"east": {"uv": [8.5, 0.25, 12.5, 0.5], "texture": "#0"},
				"south": {"uv": [0, 11.75, 0.75, 12], "texture": "#0"},
				"west": {"uv": [8.5, 0.5, 12.5, 0.75], "texture": "#0"},
				"up": {"uv": [2.25, 8, 1.5, 4], "texture": "#0"},
				"down": {"uv": [3, 4, 2.25, 8], "texture": "#0"}
			}
		},
		{
			"name": "hexadecagon",
			"from": [0, 7, 6.4087],
			"to": [16, 8, 9.5913],
			"rotation": {"angle": -22.5, "axis": "y", "origin": [8, 8, 8]},
			"faces": {
				"north": {"uv": [8.5, 0.75, 12.5, 1], "texture": "#0"},
				"east": {"uv": [0.75, 11.75, 1.5, 12], "texture": "#0"},
				"south": {"uv": [8.5, 1, 12.5, 1.25], "texture": "#0"},
				"west": {"uv": [1.5, 11.75, 2.25, 12], "texture": "#0"},
				"up": {"uv": [7, 4.75, 3, 4], "texture": "#0"},
				"down": {"uv": [8.5, 0, 4.5, 0.75], "texture": "#0"}
			}
		},
		{
			"name": "hexadecagon",
			"from": [0, 7, 6.4087],
			"to": [16, 8, 9.5913],
			"rotation": {"angle": 0, "axis": "y", "origin": [8, 8, 8]},
			"faces": {
				"north": {"uv": [8.5, 1.25, 12.5, 1.5], "texture": "#0"},
				"east": {"uv": [2.25, 11.75, 3, 12], "texture": "#0"},
				"south": {"uv": [8.5, 1.5, 12.5, 1.75], "texture": "#0"},
				"west": {"uv": [3, 11.75, 3.75, 12], "texture": "#0"},
				"up": {"uv": [8.5, 1.5, 4.5, 0.75], "texture": "#0"},
				"down": {"uv": [8.5, 1.5, 4.5, 2.25], "texture": "#0"}
			}
		},
		{
			"name": "hexadecagon",
			"from": [0, 7, 6.4087],
			"to": [16, 8, 9.5913],
			"rotation": {"angle": 22.5, "axis": "y", "origin": [8, 8, 8]},
			"faces": {
				"north": {"uv": [8.5, 1.75, 12.5, 2], "texture": "#0"},
				"east": {"uv": [3.75, 11.75, 4.5, 12], "texture": "#0"},
				"south": {"uv": [8.5, 2, 12.5, 2.25], "texture": "#0"},
				"west": {"uv": [4.5, 11.75, 5.25, 12], "texture": "#0"},
				"up": {"uv": [8.5, 3, 4.5, 2.25], "texture": "#0"},
				"down": {"uv": [8.5, 3, 4.5, 3.75], "texture": "#0"}
			}
		},
		{
			"name": "hexadecagon",
			"from": [6.80653, 8, 2],
			"to": [9.19347, 9, 14],
			"rotation": {"angle": -45, "axis": "y", "origin": [8, 9, 8]},
			"faces": {
				"north": {"uv": [5.25, 11.75, 5.875, 12], "texture": "#0"},
				"east": {"uv": [4.5, 3.75, 7.5, 4], "texture": "#0"},
				"south": {"uv": [6, 11.75, 6.625, 12], "texture": "#0"},
				"west": {"uv": [8.5, 2.25, 11.5, 2.5], "texture": "#0"},
				"up": {"uv": [3.625, 7.75, 3, 4.75], "texture": "#0"},
				"down": {"uv": [4.375, 4.75, 3.75, 7.75], "texture": "#0"}
			}
		},
		{
			"name": "hexadecagon",
			"from": [6.80653, 8, 2],
			"to": [9.19347, 9, 14],
			"rotation": {"angle": -22.5, "axis": "y", "origin": [8, 9, 8]},
			"faces": {
				"north": {"uv": [6.75, 11.75, 7.375, 12], "texture": "#0"},
				"east": {"uv": [8.5, 2.5, 11.5, 2.75], "texture": "#0"},
				"south": {"uv": [7.5, 11.75, 8.125, 12], "texture": "#0"},
				"west": {"uv": [8.5, 2.75, 11.5, 3], "texture": "#0"},
				"up": {"uv": [5.125, 7.75, 4.5, 4.75], "texture": "#0"},
				"down": {"uv": [5.875, 4.75, 5.25, 7.75], "texture": "#0"}
			}
		},
		{
			"name": "hexadecagon",
			"from": [6.80653, 8, 2],
			"to": [9.19347, 9, 14],
			"rotation": {"angle": 0, "axis": "y", "origin": [8, 9, 8]},
			"faces": {
				"north": {"uv": [8.75, 11.75, 9.375, 12], "texture": "#0"},
				"east": {"uv": [8.5, 3, 11.5, 3.25], "texture": "#0"},
				"south": {"uv": [11.75, 9.25, 12.375, 9.5], "texture": "#0"},
				"west": {"uv": [8.5, 3.25, 11.5, 3.5], "texture": "#0"},
				"up": {"uv": [6.625, 7.75, 6, 4.75], "texture": "#0"},
				"down": {"uv": [7.375, 4.75, 6.75, 7.75], "texture": "#0"}
			}
		},
		{
			"name": "hexadecagon",
			"from": [6.80653, 8, 2],
			"to": [9.19347, 9, 14],
			"rotation": {"angle": 22.5, "axis": "y", "origin": [8, 9, 8]},
			"faces": {
				"north": {"uv": [11.75, 9.5, 12.375, 9.75], "texture": "#0"},
				"east": {"uv": [8.5, 3.5, 11.5, 3.75], "texture": "#0"},
				"south": {"uv": [11.75, 9.75, 12.375, 10], "texture": "#0"},
				"west": {"uv": [4.5, 8.5, 7.5, 8.75], "texture": "#0"},
				"up": {"uv": [8.125, 6.75, 7.5, 3.75], "texture": "#0"},
				"down": {"uv": [8.125, 6.75, 7.5, 9.75], "texture": "#0"}
			}
		},
		{
			"name": "hexadecagon",
			"from": [6.80653, 8, 2],
			"to": [9.19347, 9, 14],
			"rotation": {"angle": 45, "axis": "y", "origin": [8, 9, 8]},
			"faces": {
				"north": {"uv": [11.75, 10, 12.375, 10.25], "texture": "#0"},
				"east": {"uv": [8.25, 8.5, 11.25, 8.75], "texture": "#0"},
				"south": {"uv": [11.75, 10.25, 12.375, 10.5], "texture": "#0"},
				"west": {"uv": [0, 8.75, 3, 9], "texture": "#0"},
				"up": {"uv": [3.625, 10.75, 3, 7.75], "texture": "#0"},
				"down": {"uv": [4.375, 7.75, 3.75, 10.75], "texture": "#0"}
			}
		},
		{
			"name": "hexadecagon",
			"from": [2, 8, 6.80653],
			"to": [14, 9, 9.19347],
			"rotation": {"angle": -22.5, "axis": "y", "origin": [8, 9, 8]},
			"faces": {
				"north": {"uv": [4.5, 8.75, 7.5, 9], "texture": "#0"},
				"east": {"uv": [11.75, 10.5, 12.375, 10.75], "texture": "#0"},
				"south": {"uv": [8.25, 8.75, 11.25, 9], "texture": "#0"},
				"west": {"uv": [10.75, 11.75, 11.375, 12], "texture": "#0"},
				"up": {"uv": [7.5, 8.375, 4.5, 7.75], "texture": "#0"},
				"down": {"uv": [3, 8, 0, 8.625], "texture": "#0"}
			}
		},
		{
			"name": "hexadecagon",
			"from": [2, 8, 6.80653],
			"to": [14, 9, 9.19347],
			"rotation": {"angle": 0, "axis": "y", "origin": [8, 9, 8]},
			"faces": {
				"north": {"uv": [0, 9, 3, 9.25], "texture": "#0"},
				"east": {"uv": [11.75, 10.75, 12.375, 11], "texture": "#0"},
				"south": {"uv": [4.5, 9, 7.5, 9.25], "texture": "#0"},
				"west": {"uv": [11.75, 11, 12.375, 11.25], "texture": "#0"},
				"up": {"uv": [11.25, 4.375, 8.25, 3.75], "texture": "#0"},
				"down": {"uv": [11.25, 4.5, 8.25, 5.125], "texture": "#0"}
			}
		},
		{
			"name": "hexadecagon",
			"from": [2, 8, 6.80653],
			"to": [14, 9, 9.19347],
			"rotation": {"angle": 22.5, "axis": "y", "origin": [8, 9, 8]},
			"faces": {
				"north": {"uv": [8.25, 9, 11.25, 9.25], "texture": "#0"},
				"east": {"uv": [11.75, 11.25, 12.375, 11.5], "texture": "#0"},
				"south": {"uv": [0, 9.25, 3, 9.5], "texture": "#0"},
				"west": {"uv": [11.5, 11.75, 12.125, 12], "texture": "#0"},
				"up": {"uv": [11.25, 5.875, 8.25, 5.25], "texture": "#0"},
				"down": {"uv": [11.25, 6, 8.25, 6.625], "texture": "#0"}
			}
		},
		{
			"name": "hexadecagon",
			"from": [7.20435, 9, 4],
			"to": [8.79565, 10, 12],
			"rotation": {"angle": -45, "axis": "y", "origin": [8, 10, 8]},
			"faces": {
				"north": {"uv": [7, 4, 7.375, 4.25], "texture": "#0"},
				"east": {"uv": [2.5, 10.75, 4.5, 11], "texture": "#0"},
				"south": {"uv": [7, 4.25, 7.375, 4.5], "texture": "#0"},
				"west": {"uv": [9.75, 10.75, 11.75, 11], "texture": "#0"},
				"up": {"uv": [4.875, 11.25, 4.5, 9.25], "texture": "#0"},
				"down": {"uv": [5.375, 9.25, 5, 11.25], "texture": "#0"}
			}
		},
		{
			"name": "hexadecagon",
			"from": [7.20435, 9, 4],
			"to": [8.79565, 10, 12],
			"rotation": {"angle": -22.5, "axis": "y", "origin": [8, 10, 8]},
			"faces": {
				"north": {"uv": [7, 4.5, 7.375, 4.75], "texture": "#0"},
				"east": {"uv": [0.5, 11, 2.5, 11.25], "texture": "#0"},
				"south": {"uv": [2.5, 10.5, 2.875, 10.75], "texture": "#0"},
				"west": {"uv": [2.5, 11, 4.5, 11.25], "texture": "#0"},
				"up": {"uv": [5.875, 11.25, 5.5, 9.25], "texture": "#0"},
				"down": {"uv": [6.375, 9.25, 6, 11.25], "texture": "#0"}
			}
		},
		{
			"name": "hexadecagon",
			"from": [7.20435, 9, 4],
			"to": [8.79565, 10, 12],
			"rotation": {"angle": 0, "axis": "y", "origin": [8, 10, 8]},
			"faces": {
				"north": {"uv": [8, 11.5, 8.375, 11.75], "texture": "#0"},
				"east": {"uv": [9.75, 11, 11.75, 11.25], "texture": "#0"},
				"south": {"uv": [0, 12, 0.375, 12.25], "texture": "#0"},
				"west": {"uv": [0.5, 11.25, 2.5, 11.5], "texture": "#0"},
				"up": {"uv": [6.875, 11.25, 6.5, 9.25], "texture": "#0"},
				"down": {"uv": [7.375, 9.25, 7, 11.25], "texture": "#0"}
			}
		},
		{
			"name": "hexadecagon",
			"from": [7.20435, 9, 4],
			"to": [8.79565, 10, 12],
			"rotation": {"angle": 22.5, "axis": "y", "origin": [8, 10, 8]},
			"faces": {
				"north": {"uv": [0.5, 12, 0.875, 12.25], "texture": "#0"},
				"east": {"uv": [2.5, 11.25, 4.5, 11.5], "texture": "#0"},
				"south": {"uv": [1, 12, 1.375, 12.25], "texture": "#0"},
				"west": {"uv": [11.25, 3.75, 13.25, 4], "texture": "#0"},
				"up": {"uv": [8.625, 11.25, 8.25, 9.25], "texture": "#0"},
				"down": {"uv": [9.125, 9.25, 8.75, 11.25], "texture": "#0"}
			}
		},
		{
			"name": "hexadecagon",
			"from": [7.20435, 9, 4],
			"to": [8.79565, 10, 12],
			"rotation": {"angle": 45, "axis": "y", "origin": [8, 10, 8]},
			"faces": {
				"north": {"uv": [1.5, 12, 1.875, 12.25], "texture": "#0"},
				"east": {"uv": [11.25, 4, 13.25, 4.25], "texture": "#0"},
				"south": {"uv": [2, 12, 2.375, 12.25], "texture": "#0"},
				"west": {"uv": [11.25, 4.25, 13.25, 4.5], "texture": "#0"},
				"up": {"uv": [9.625, 11.25, 9.25, 9.25], "texture": "#0"},
				"down": {"uv": [0.375, 9.5, 0, 11.5], "texture": "#0"}
			}
		},
		{
			"name": "hexadecagon",
			"from": [4, 9, 7.20435],
			"to": [12, 10, 8.79565],
			"rotation": {"angle": -22.5, "axis": "y", "origin": [8, 10, 8]},
			"faces": {
				"north": {"uv": [4.5, 11.25, 6.5, 11.5], "texture": "#0"},
				"east": {"uv": [2.5, 12, 2.875, 12.25], "texture": "#0"},
				"south": {"uv": [11.25, 4.5, 13.25, 4.75], "texture": "#0"},
				"west": {"uv": [3, 12, 3.375, 12.25], "texture": "#0"},
				"up": {"uv": [2.5, 9.875, 0.5, 9.5], "texture": "#0"},
				"down": {"uv": [11.75, 9.25, 9.75, 9.625], "texture": "#0"}
			}
		},
		{
			"name": "hexadecagon",
			"from": [4, 9, 7.20435],
			"to": [12, 10, 8.79565],
			"rotation": {"angle": 0, "axis": "y", "origin": [8, 10, 8]},
			"faces": {
				"north": {"uv": [11.25, 4.75, 13.25, 5], "texture": "#0"},
				"east": {"uv": [3.5, 12, 3.875, 12.25], "texture": "#0"},
				"south": {"uv": [11.25, 5, 13.25, 5.25], "texture": "#0"},
				"west": {"uv": [4, 12, 4.375, 12.25], "texture": "#0"},
				"up": {"uv": [11.75, 10.125, 9.75, 9.75], "texture": "#0"},
				"down": {"uv": [2.5, 10, 0.5, 10.375], "texture": "#0"}
			}
		},
		{
			"name": "hexadecagon",
			"from": [4, 9, 7.20435],
			"to": [12, 10, 8.79565],
			"rotation": {"angle": 22.5, "axis": "y", "origin": [8, 10, 8]},
			"faces": {
				"north": {"uv": [11.25, 5.25, 13.25, 5.5], "texture": "#0"},
				"east": {"uv": [4.5, 12, 4.875, 12.25], "texture": "#0"},
				"south": {"uv": [11.25, 5.5, 13.25, 5.75], "texture": "#0"},
				"west": {"uv": [5, 12, 5.375, 12.25], "texture": "#0"},
				"up": {"uv": [11.75, 10.625, 9.75, 10.25], "texture": "#0"},
				"down": {"uv": [2.5, 10.5, 0.5, 10.875], "texture": "#0"}
			}
		},
		{
			"name": "hexadecagon",
			"from": [7.60218, 10, 6],
			"to": [8.39782, 11, 10],
			"rotation": {"angle": -45, "axis": "y", "origin": [8, 11, 8]},
			"faces": {
				"north": {"uv": [9.5, 11.5, 9.75, 11.75], "texture": "#0"},
				"east": {"uv": [11.25, 5.75, 12.25, 6], "texture": "#0"},
				"south": {"uv": [8.25, 11.75, 8.5, 12], "texture": "#0"},
				"west": {"uv": [11.25, 6, 12.25, 6.25], "texture": "#0"},
				"up": {"uv": [2.75, 10.5, 2.5, 9.5], "texture": "#0"},
				"down": {"uv": [3, 9.5, 2.75, 10.5], "texture": "#0"}
			}
		},
		{
			"name": "hexadecagon",
			"from": [7.60218, 10, 6],
			"to": [8.39782, 11, 10],
			"rotation": {"angle": -22.5, "axis": "y", "origin": [8, 11, 8]},
			"faces": {
				"north": {"uv": [9.5, 11.75, 9.75, 12], "texture": "#0"},
				"east": {"uv": [11.25, 6.25, 12.25, 6.5], "texture": "#0"},
				"south": {"uv": [5.5, 12, 5.75, 12.25], "texture": "#0"},
				"west": {"uv": [6.5, 11.25, 7.5, 11.5], "texture": "#0"},
				"up": {"uv": [7.75, 10.75, 7.5, 9.75], "texture": "#0"},
				"down": {"uv": [8, 9.75, 7.75, 10.75], "texture": "#0"}
			}
		},
		{
			"name": "hexadecagon",
			"from": [7.60218, 10, 6],
			"to": [8.39782, 11, 10],
			"rotation": {"angle": 0, "axis": "y", "origin": [8, 11, 8]},
			"faces": {
				"north": {"uv": [5.75, 12, 6, 12.25], "texture": "#0"},
				"east": {"uv": [11.25, 6.5, 12.25, 6.75], "texture": "#0"},
				"south": {"uv": [6, 12, 6.25, 12.25], "texture": "#0"},
				"west": {"uv": [7.5, 11.25, 8.5, 11.5], "texture": "#0"},
				"up": {"uv": [8.25, 10.75, 8, 9.75], "texture": "#0"},
				"down": {"uv": [8.75, 11.25, 8.5, 12.25], "texture": "#0"}
			}
		},
		{
			"name": "hexadecagon",
			"from": [7.60218, 10, 6],
			"to": [8.39782, 11, 10],
			"rotation": {"angle": 22.5, "axis": "y", "origin": [8, 11, 8]},
			"faces": {
				"north": {"uv": [6.25, 12, 6.5, 12.25], "texture": "#0"},
				"east": {"uv": [11.25, 8.5, 12.25, 8.75], "texture": "#0"},
				"south": {"uv": [6.5, 12, 6.75, 12.25], "texture": "#0"},
				"west": {"uv": [8.75, 11.25, 9.75, 11.5], "texture": "#0"},
				"up": {"uv": [10, 12.25, 9.75, 11.25], "texture": "#0"},
				"down": {"uv": [10.25, 11.25, 10, 12.25], "texture": "#0"}
			}
		},
		{
			"name": "hexadecagon",
			"from": [7.60218, 10, 6],
			"to": [8.39782, 11, 10],
			"rotation": {"angle": 45, "axis": "y", "origin": [8, 11, 8]},
			"faces": {
				"north": {"uv": [6.75, 12, 7, 12.25], "texture": "#0"},
				"east": {"uv": [11.25, 8.75, 12.25, 9], "texture": "#0"},
				"south": {"uv": [7, 12, 7.25, 12.25], "texture": "#0"},
				"west": {"uv": [11.25, 9, 12.25, 9.25], "texture": "#0"},
				"up": {"uv": [10.5, 12.25, 10.25, 11.25], "texture": "#0"},
				"down": {"uv": [10.75, 11.25, 10.5, 12.25], "texture": "#0"}
			}
		},
		{
			"name": "hexadecagon",
			"from": [6, 10, 7.60218],
			"to": [10, 11, 8.39782],
			"rotation": {"angle": -22.5, "axis": "y", "origin": [8, 11, 8]},
			"faces": {
				"north": {"uv": [10.75, 11.25, 11.75, 11.5], "texture": "#0"},
				"east": {"uv": [7.25, 12, 7.5, 12.25], "texture": "#0"},
				"south": {"uv": [0, 11.5, 1, 11.75], "texture": "#0"},
				"west": {"uv": [7.5, 12, 7.75, 12.25], "texture": "#0"},
				"up": {"uv": [2, 11.75, 1, 11.5], "texture": "#0"},
				"down": {"uv": [3, 11.5, 2, 11.75], "texture": "#0"}
			}
		},
		{
			"name": "hexadecagon",
			"from": [6, 10, 7.60218],
			"to": [10, 11, 8.39782],
			"rotation": {"angle": 0, "axis": "y", "origin": [8, 11, 8]},
			"faces": {
				"north": {"uv": [11.5, 2.25, 12.5, 2.5], "texture": "#0"},
				"east": {"uv": [7.75, 12, 8, 12.25], "texture": "#0"},
				"south": {"uv": [11.5, 2.5, 12.5, 2.75], "texture": "#0"},
				"west": {"uv": [8, 12, 8.25, 12.25], "texture": "#0"},
				"up": {"uv": [12.5, 3, 11.5, 2.75], "texture": "#0"},
				"down": {"uv": [4, 11.5, 3, 11.75], "texture": "#0"}
			}
		},
		{
			"name": "hexadecagon",
			"from": [6, 10, 7.60218],
			"to": [10, 11, 8.39782],
			"rotation": {"angle": 22.5, "axis": "y", "origin": [8, 11, 8]},
			"faces": {
				"north": {"uv": [11.5, 3, 12.5, 3.25], "texture": "#0"},
				"east": {"uv": [8.25, 12, 8.5, 12.25], "texture": "#0"},
				"south": {"uv": [11.5, 3.25, 12.5, 3.5], "texture": "#0"},
				"west": {"uv": [8.75, 12, 9, 12.25], "texture": "#0"},
				"up": {"uv": [12.5, 3.75, 11.5, 3.5], "texture": "#0"},
				"down": {"uv": [5, 11.5, 4, 11.75], "texture": "#0"}
			}
		},
		{
			"from": [8.39269, 5.13675, 7.6587],
			"to": [8.39269, 12.63675, 8.4087],
			"rotation": {"angle": -45, "axis": "z", "origin": [5.39269, 0.63675, -0.5913]},
			"faces": {
				"north": {"uv": [0, 0, 0, 8], "texture": "#1"},
				"east": {"uv": [0, 0, 1, 8], "texture": "#1"},
				"south": {"uv": [0, 0, 0, 8], "texture": "#1"},
				"west": {"uv": [1, 0, 2, 8], "texture": "#1"},
				"up": {"uv": [0, 1, 0, 0], "texture": "#1"},
				"down": {"uv": [0, 0, 0, 1], "texture": "#1"}
			}
		},
		{
			"from": [7.60731, 5.13675, 7.6587],
			"to": [7.60731, 12.63675, 8.4087],
			"rotation": {"angle": 45, "axis": "z", "origin": [10.60731, 0.63675, -0.5913]},
			"faces": {
				"north": {"uv": [0, 0, 0, 8], "texture": "#1"},
				"east": {"uv": [2, 0, 3, 8], "texture": "#1"},
				"south": {"uv": [0, 0, 0, 8], "texture": "#1"},
				"west": {"uv": [3, 0, 4, 8], "texture": "#1"},
				"up": {"uv": [0, 1, 0, 0], "texture": "#1"},
				"down": {"uv": [0, 0, 0, 1], "texture": "#1"}
			}
		},
		{
			"from": [5.29599, 1.69641, 7.6587],
			"to": [10.69599, 1.69641, 8.4087],
			"rotation": {"angle": 0, "axis": "z", "origin": [11.19599, 0.69641, -0.5913]},
			"faces": {
				"north": {"uv": [0, 0, 5, 0], "texture": "#1"},
				"east": {"uv": [0, 0, 1, 0], "texture": "#1"},
				"south": {"uv": [0, 0, 5, 0], "texture": "#1"},
				"west": {"uv": [0, 0, 1, 0], "texture": "#1"},
				"up": {"uv": [9, 1, 4, 0], "texture": "#1"},
				"down": {"uv": [9, 1, 4, 2], "texture": "#1"}
			}
		}
	],
	"display": {
		"thirdperson_righthand": {
			"rotation": [75, 45, 0],
			"translation": [0, 2.5, 0],
			"scale": [0.375, 0.375, 0.375]
		},
		"thirdperson_lefthand": {
			"rotation": [75, 45, 0],
			"translation": [0, 2.5, 0],
			"scale": [0.375, 0.375, 0.375]
		},
		"firstperson_righthand": {
			"rotation": [0, -45, 0],
			"translation": [-1.75, 5, 1],
			"scale": [0.4, 0.4, 0.4]
		},
		"firstperson_lefthand": {
			"rotation": [0, -45, 0],
			"translation": [-1.75, 5, 1],
			"scale": [0.4, 0.4, 0.4]
		},
		"ground": {
			"translation": [0, -0.55, 0],
			"scale": [0.25, 0.25, 0.25]
		},
		"gui": {
			"rotation": [30, 135, 0],
			"scale": [0.625, 0.625, 0.625]
		},
		"head": {
			"translation": [0, 5.75, 0],
			"scale": [1.75, 1.75, 1.75]
		},
		"fixed": {
			"rotation": [-90, 0, 0],
			"translation": [0, 0, -0.5],
			"scale": [1.5, 1.5, 1.5]
		}
	},
	"groups": [
		{
			"name": "hexadecagon",
			"origin": [8, 8, 8],
			"color": 0,
			"children": [0, 1, 2, 3, 4, 5, 6, 7]
		},
		{
			"name": "hexadecagon",
			"origin": [8, 8, 8],
			"color": 0,
			"children": [8, 9, 10, 11, 12, 13, 14, 15]
		},
		{
			"name": "hexadecagon",
			"origin": [8, 8, 8],
			"color": 0,
			"children": [16, 17, 18, 19, 20, 21, 22, 23]
		},
		{
			"name": "hexadecagon",
			"origin": [8, 8, 8],
			"color": 0,
			"children": [24, 25, 26, 27, 28, 29, 30, 31]
		},
		32,
		33,
		34
	]
}