{
	"credit": "Made with Blockbench",
	"textures": {
		"0": "custom/neko_ears_strap",
		"1": "custom/neko_ears_atlas",
		"particle": "custom/neko_ears_strap"
	},
	"elements": [
		{
			"from": [8.08271, 6.48311, 8],
			"to": [11.08271, 11.73311, 8],
			"rotation": {"angle": 0, "axis": "x", "origin": [10.33271, 5.48311, 7.09973]},
			"faces": {
				"north": {"uv": [0, 0, 3, 5.5], "texture": "#1"},
				"east": {"uv": [0, 0, 0, 5.5], "texture": "#1"},
				"south": {"uv": [3, 0, 6, 5.5], "texture": "#1"},
				"west": {"uv": [0, 0, 0, 5.5], "texture": "#1"},
				"up": {"uv": [3, 0, 0, 0], "texture": "#1"},
				"down": {"uv": [3, 0, 0, 0], "texture": "#1"}
			}
		},
		{
			"from": [4.875, 6.50025, 8],
			"to": [7.875, 11.75025, 8],
			"rotation": {"angle": 0, "axis": "y", "origin": [8.625, 5.50025, 7]},
			"faces": {
				"north": {"uv": [3, 0, 0, 5.5], "texture": "#1"},
				"east": {"uv": [0, 0, 0, 5.5], "texture": "#1"},
				"south": {"uv": [6, 0, 3, 5.5], "texture": "#1"},
				"west": {"uv": [0, 0, 0, 5.5], "texture": "#1"},
				"up": {"uv": [0, 0, 3, 0], "texture": "#1"},
				"down": {"uv": [0, 0, 3, 0], "texture": "#1"}
			}
		},
		{
			"from": [11.375, 4.50025, 7.5],
			"to": [11.375, 8.50025, 8.5],
			"rotation": {"angle": 0, "axis": "y", "origin": [7.375, -0.49975, 7.5]},
			"faces": {
				"north": {"uv": [0.25, 0.25, 0.75, 0.75], "texture": "#0"},
				"east": {"uv": [1.25, 0.25, 1.75, 0.75], "texture": "#0"},
				"south": {"uv": [2.25, 0.25, 2.75, 0.75], "texture": "#0"},
				"west": {"uv": [3.25, 0.25, 3.75, 0.75], "texture": "#0"},
				"up": {"uv": [4.25, 0.25, 4.75, 0.75], "texture": "#0"},
				"down": {"uv": [5.25, 0.25, 5.75, 0.75], "texture": "#0"}
			}
		},
		{
			"from": [4.625, 4.50025, 7.5],
			"to": [4.625, 8.50025, 8.5],
			"rotation": {"angle": 0, "axis": "y", "origin": [7.375, -0.49975, 7.5]},
			"faces": {
				"north": {"uv": [6.25, 0.25, 6.75, 0.75], "texture": "#0"},
				"east": {"uv": [7.25, 0.25, 7.75, 0.75], "texture": "#0"},
				"south": {"uv": [8.25, 0.25, 8.75, 0.75], "texture": "#0"},
				"west": {"uv": [9.25, 0.25, 9.75, 0.75], "texture": "#0"},
				"up": {"uv": [10.25, 0.25, 10.75, 0.75], "texture": "#0"},
				"down": {"uv": [11.25, 0.25, 11.75, 0.75], "texture": "#0"}
			}
		},
		{
			"from": [4.625, 8.49925, 7.5],
			"to": [11.375, 8.49925, 8.5],
			"rotation": {"angle": 0, "axis": "y", "origin": [2.375, -2.50075, 7.5]},
			"faces": {
				"north": {"uv": [12.25, 0.25, 12.75, 0.75], "texture": "#0"},
				"east": {"uv": [13.25, 0.25, 13.75, 0.75], "texture": "#0"},
				"south": {"uv": [14.25, 0.25, 14.75, 0.75], "texture": "#0"},
				"west": {"uv": [15.25, 0.25, 15.75, 0.75], "texture": "#0"},
				"up": {"uv": [0.25, 1.25, 0.75, 1.75], "texture": "#0"},
				"down": {"uv": [1.25, 1.25, 1.75, 1.75], "texture": "#0"}
			}
		}
	],
	"display": {
		"thirdperson_righthand": {
			"rotation": [75, 45, 0],
			"translation": [0, 1, 0],
			"scale": [0.375, 0.375, 0.375]
		},
		"thirdperson_lefthand": {
			"rotation": [75, 45, 0],
			"translation": [0, 1, 0],
			"scale": [0.375, 0.375, 0.375]
		},
		"firstperson_righthand": {
			"rotation": [0, 135, 0],
			"translation": [-0.5, 5.25, 0.75],
			"scale": [0.75, 0.75, 0.75]
		},
		"firstperson_lefthand": {
			"rotation": [0, 135, 0],
			"translation": [-0.5, 5.25, 0.75],
			"scale": [0.75, 0.75, 0.75]
		},
		"ground": {
			"rotation": [90, 0, 0],
			"scale": [0.45, 0.45, 0.45]
		},
		"gui": {
			"rotation": [30, 135, 0],
			"translation": [0, 0.5, 0]
		},
		"head": {
			"translation": [0, 5.5, -2.75],
			"scale": [2, 2, 2]
		},
		"fixed": {
			"translation": [0, 1.25, -0.5],
			"scale": [1.25, 1.25, 1.25]
		}
	}
}