{
	"credit": "Made with Blockbench",
	"texture_size": [32, 32],
	"textures": {
		"0": "custom/omamori_atlas",
		"particle": "custom/omamori_atlas"
	},
	"elements": [
		{
			"from": [5, 2, 7.5],
			"to": [11, 13, 8.5],
			"faces": {
				"north": {"uv": [0, 0, 3, 5.5], "texture": "#0"},
				"east": {"uv": [6, 2.5, 6.5, 8], "texture": "#0"},
				"south": {"uv": [3, 0, 6, 5.5], "texture": "#0"},
				"west": {"uv": [6.5, 2.5, 7, 8], "texture": "#0"},
				"up": {"uv": [10, 3, 7, 2.5], "texture": "#0"},
				"down": {"uv": [10, 3, 7, 3.5], "texture": "#0"}
			}
		},
		{
			"from": [6, 7, 7.25],
			"to": [10, 12, 7.25],
			"faces": {
				"north": {"uv": [4, 5.5, 6, 8], "texture": "#0"},
				"east": {"uv": [0, 0, 0, 2.5], "texture": "#0"},
				"south": {"uv": [6, 0, 8, 2.5], "texture": "#0"},
				"west": {"uv": [0, 0, 0, 2.5], "texture": "#0"},
				"up": {"uv": [2, 0, 0, 0], "texture": "#0"},
				"down": {"uv": [2, 0, 0, 0], "texture": "#0"}
			}
		},
		{
			"from": [6, 13, 8],
			"to": [10, 21, 8],
			"faces": {
				"north": {"uv": [0, 5.5, 2, 9.5], "texture": "#0"},
				"east": {"uv": [0, 0, 0, 4], "texture": "#0"},
				"south": {"uv": [2, 5.5, 4, 9.5], "texture": "#0"},
				"west": {"uv": [0, 0, 0, 4], "texture": "#0"},
				"up": {"uv": [2, 0, 0, 0], "texture": "#0"},
				"down": {"uv": [2, 0, 0, 0], "texture": "#0"}
			}
		}
	],
	"display": {
		"thirdperson_righthand": {
			"rotation": [0, -90, -66.5],
			"translation": [0, -2.25, -3],
			"scale": [0.25, 0.25, 0.25]
		},
		"thirdperson_lefthand": {
			"rotation": [0, -90, -66.5],
			"translation": [0, -2.25, -3],
			"scale": [0.25, 0.25, 0.25]
		},
		"firstperson_righthand": {
			"rotation": [0, 145, 0],
			"translation": [1.25, 2.75, -1.25],
			"scale": [0.35, 0.35, 0.35]
		},
		"firstperson_lefthand": {
			"rotation": [0, 145, 0],
			"translation": [1.25, 2.75, -1.25],
			"scale": [0.35, 0.35, 0.35]
		},
		"ground": {
			"rotation": [90, 0, 0],
			"translation": [0, -1.5, 0],
			"scale": [0.25, 0.25, 0.45]
		},
		"gui": {
			"rotation": [-22.5, -180, 0],
			"translation": [0, -1.5, 0],
			"scale": [0.65, 0.65, 0.65]
		},
		"head": {
			"translation": [0, -11, -6.5],
			"scale": [0.45, 0.45, 0.45]
		},
		"fixed": {
			"translation": [0, -3.25, -0.75],
			"scale": [0.5, 0.5, 0.5]
		}
	}
}