{
	"credit": "Made with Blockbench",
	"texture_size": [64, 64],
	"textures": {
		"0": "custom/sakuraumbrellaatlas",
		"particle": "custom/sakuraumbrellaatlas"
	},
	"elements": [
		{
			"from": [7.75, -2, 7.75],
			"to": [8.25, 12, 8.25],
			"rotation": {"angle": 0, "axis": "y", "origin": [8, 2, 8]},
			"faces": {
				"north": {"uv": [7, 5.25, 7.25, 8.75], "texture": "#0"},
				"east": {"uv": [3, 7.25, 3.25, 10.75], "texture": "#0"},
				"south": {"uv": [3.25, 7.25, 3.5, 10.75], "texture": "#0"},
				"west": {"uv": [3.5, 7.25, 3.75, 10.75], "texture": "#0"},
				"up": {"uv": [7, 7.5, 6.75, 7.25], "texture": "#0"},
				"down": {"uv": [6.25, 7.5, 6, 7.75], "texture": "#0"}
			}
		},
		{
			"from": [7.85, -2.25, 7.85],
			"to": [8.15, -2, 8.15],
			"rotation": {"angle": 0, "axis": "y", "origin": [8, 2, 8]},
			"faces": {
				"north": {"uv": [6.25, 7.5, 6.5, 7.75], "texture": "#0"},
				"east": {"uv": [6.5, 7.5, 6.75, 7.75], "texture": "#0"},
				"south": {"uv": [6.75, 7.5, 7, 7.75], "texture": "#0"},
				"west": {"uv": [7.25, 7.5, 7.5, 7.75], "texture": "#0"},
				"up": {"uv": [7.75, 7.75, 7.5, 7.5], "texture": "#0"},
				"down": {"uv": [4, 7.75, 3.75, 8], "texture": "#0"}
			}
		},
		{
			"from": [7.7, -2.7, 7.7],
			"to": [8.3, -2.2, 8.3],
			"rotation": {"angle": 0, "axis": "y", "origin": [8, 2, 8]},
			"faces": {
				"north": {"uv": [4, 7.75, 4.25, 8], "texture": "#0"},
				"east": {"uv": [4.25, 7.75, 4.5, 8], "texture": "#0"},
				"south": {"uv": [4.5, 7.75, 4.75, 8], "texture": "#0"},
				"west": {"uv": [4.75, 7.75, 5, 8], "texture": "#0"},
				"up": {"uv": [5.25, 8, 5, 7.75], "texture": "#0"},
				"down": {"uv": [5.5, 7.75, 5.25, 8], "texture": "#0"}
			}
		},
		{
			"name": "hexadecagon",
			"from": [6.4087, 11.3, 0],
			"to": [9.5913, 11.6, 16],
			"rotation": {"angle": -45, "axis": "y", "origin": [8, 12, 8]},
			"faces": {
				"north": {"uv": [3.75, 7.25, 4.5, 7.5], "texture": "#0"},
				"east": {"uv": [4.5, 3.75, 8.5, 4], "texture": "#0"},
				"south": {"uv": [4.5, 7.25, 5.25, 7.5], "texture": "#0"},
				"west": {"uv": [3, 4.75, 7, 5], "texture": "#0"},
				"up": {"uv": [0.75, 4, 0, 0], "texture": "#0"},
				"down": {"uv": [1.5, 0, 0.75, 4], "texture": "#0"}
			}
		},
		{
			"name": "hexadecagon",
			"from": [6.4087, 11.4, 0],
			"to": [9.5913, 11.5, 16],
			"rotation": {"angle": -22.5, "axis": "y", "origin": [8, 11.9, 8]},
			"faces": {
				"north": {"uv": [5.25, 7.25, 6, 7.5], "texture": "#0"},
				"east": {"uv": [3, 5, 7, 5.25], "texture": "#0"},
				"south": {"uv": [7.25, 5.25, 8, 5.5], "texture": "#0"},
				"west": {"uv": [3, 5.25, 7, 5.5], "texture": "#0"},
				"up": {"uv": [2.25, 4, 1.5, 0], "texture": "#0"},
				"down": {"uv": [3, 0, 2.25, 4], "texture": "#0"}
			}
		},
		{
			"name": "hexadecagon",
			"from": [6.4087, 11.35, 0],
			"to": [9.5913, 11.65, 16],
			"rotation": {"angle": 0, "axis": "y", "origin": [8, 12, 8]},
			"faces": {
				"north": {"uv": [7.25, 5.5, 8, 5.75], "texture": "#0"},
				"east": {"uv": [3, 5.5, 7, 5.75], "texture": "#0"},
				"south": {"uv": [7.25, 5.75, 8, 6], "texture": "#0"},
				"west": {"uv": [3, 5.75, 7, 6], "texture": "#0"},
				"up": {"uv": [3.75, 4, 3, 0], "texture": "#0"},
				"down": {"uv": [4.5, 0, 3.75, 4], "texture": "#0"}
			}
		},
		{
			"name": "hexadecagon",
			"from": [6.4087, 11.4, 0],
			"to": [9.5913, 11.5, 16],
			"rotation": {"angle": 22.5, "axis": "y", "origin": [8, 11.9, 8]},
			"faces": {
				"north": {"uv": [6, 7.25, 6.75, 7.5], "texture": "#0"},
				"east": {"uv": [3, 6, 7, 6.25], "texture": "#0"},
				"south": {"uv": [7.25, 6, 8, 6.25], "texture": "#0"},
				"west": {"uv": [3, 6.25, 7, 6.5], "texture": "#0"},
				"up": {"uv": [0.75, 8, 0, 4], "texture": "#0"},
				"down": {"uv": [1.5, 4, 0.75, 8], "texture": "#0"}
			}
		},
		{
			"name": "hexadecagon",
			"from": [6.4087, 11.3, 0],
			"to": [9.5913, 11.6, 16],
			"rotation": {"angle": 45, "axis": "y", "origin": [8, 12, 8]},
			"faces": {
				"north": {"uv": [7.25, 6.25, 8, 6.5], "texture": "#0"},
				"east": {"uv": [3, 6.5, 7, 6.75], "texture": "#0"},
				"south": {"uv": [7.25, 6.5, 8, 6.75], "texture": "#0"},
				"west": {"uv": [3, 6.75, 7, 7], "texture": "#0"},
				"up": {"uv": [2.25, 8, 1.5, 4], "texture": "#0"},
				"down": {"uv": [3, 4, 2.25, 8], "texture": "#0"}
			}
		},
		{
			"name": "hexadecagon",
			"from": [0, 11.4, 6.4087],
			"to": [16, 11.5, 9.5913],
			"rotation": {"angle": -22.5, "axis": "y", "origin": [8, 11.9, 8]},
			"faces": {
				"north": {"uv": [3, 7, 7, 7.25], "texture": "#0"},
				"east": {"uv": [7.25, 6.75, 8, 7], "texture": "#0"},
				"south": {"uv": [7, 4, 11, 4.25], "texture": "#0"},
				"west": {"uv": [7.25, 7, 8, 7.25], "texture": "#0"},
				"up": {"uv": [7, 4.75, 3, 4], "texture": "#0"},
				"down": {"uv": [8.5, 0, 4.5, 0.75], "texture": "#0"}
			}
		},
		{
			"name": "hexadecagon",
			"from": [0, 11.325, 6.4087],
			"to": [16, 11.625, 9.5913],
			"rotation": {"angle": 0, "axis": "y", "origin": [8, 12, 8]},
			"faces": {
				"north": {"uv": [7, 4.25, 11, 4.5], "texture": "#0"},
				"east": {"uv": [7.25, 7.25, 8, 7.5], "texture": "#0"},
				"south": {"uv": [7, 4.5, 11, 4.75], "texture": "#0"},
				"west": {"uv": [3.75, 7.5, 4.5, 7.75], "texture": "#0"},
				"up": {"uv": [8.5, 1.5, 4.5, 0.75], "texture": "#0"},
				"down": {"uv": [8.5, 1.5, 4.5, 2.25], "texture": "#0"}
			}
		},
		{
			"name": "hexadecagon",
			"from": [0, 11.4, 6.4087],
			"to": [16, 11.5, 9.5913],
			"rotation": {"angle": 22.5, "axis": "y", "origin": [8, 11.9, 8]},
			"faces": {
				"north": {"uv": [7, 4.75, 11, 5], "texture": "#0"},
				"east": {"uv": [4.5, 7.5, 5.25, 7.75], "texture": "#0"},
				"south": {"uv": [7, 5, 11, 5.25], "texture": "#0"},
				"west": {"uv": [5.25, 7.5, 6, 7.75], "texture": "#0"},
				"up": {"uv": [8.5, 3, 4.5, 2.25], "texture": "#0"},
				"down": {"uv": [8.5, 3, 4.5, 3.75], "texture": "#0"}
			}
		}
	],
	"display": {
		"thirdperson_righthand": {
			"rotation": [90, 0, 0],
			"translation": [0, 0, 16],
			"scale": [1.5, 1.5, 1.5]
		},
		"thirdperson_lefthand": {
			"rotation": [90, 0, 0],
			"translation": [0, 0, 16],
			"scale": [1.5, 1.5, 1.5]
		},
		"firstperson_righthand": {
			"translation": [-3, 10.5, 0],
			"scale": [1.25, 1.25, 1.25]
		},
		"firstperson_lefthand": {
			"translation": [-3, 10.5, 0],
			"scale": [1.25, 1.25, 1.25]
		},
		"ground": {
			"rotation": [45, 0, 0],
			"translation": [0, 0.5, 0],
			"scale": [0.35, 0.35, 0.35]
		},
		"gui": {
			"rotation": [30, 225, 0],
			"scale": [0.625, 0.625, 0.625]
		},
		"head": {
			"translation": [0, -0.75, 0],
			"scale": [4, 4, 4]
		},
		"fixed": {
			"rotation": [-90, 0, 0],
			"translation": [0, 0, -39.5],
			"scale": [4, 4, 4]
		}
	},
	"groups": [
		0,
		1,
		2,
		{
			"name": "hexadecagon",
			"origin": [0, 2, 0],
			"color": 0,
			"children": [3, 4, 5, 6, 7, 8, 9, 10]
		}
	]
}