{
	"credit": "Made with Blockbench",
	"textures": {
		"0": "custom/strap",
		"1": "custom/usagi_mask_atlas",
		"particle": "custom/strap"
	},
	"elements": [
		{
			"from": [4, 1, 4],
			"to": [12, 7, 4],
			"faces": {
				"north": {"uv": [0, 0, 8, 6], "texture": "#1"},
				"east": {"uv": [0, 0, 0, 6], "texture": "#1"},
				"south": {"uv": [0, 6, 8, 12], "texture": "#1"},
				"west": {"uv": [0, 0, 0, 6], "texture": "#1"},
				"up": {"uv": [8, 0, 0, 0], "texture": "#1"},
				"down": {"uv": [8, 0, 0, 0], "texture": "#1"}
			}
		},
		{
			"from": [9, 7, 4],
			"to": [12, 12, 4],
			"faces": {
				"north": {"uv": [8, 0, 11, 5], "texture": "#1"},
				"east": {"uv": [0, 0, 0, 5], "texture": "#1"},
				"south": {"uv": [8, 5, 11, 10], "texture": "#1"},
				"west": {"uv": [0, 0, 0, 5], "texture": "#1"},
				"up": {"uv": [3, 0, 0, 0], "texture": "#1"},
				"down": {"uv": [3, 0, 0, 0], "texture": "#1"}
			}
		},
		{
			"from": [4, 7, 4],
			"to": [7, 12, 4],
			"faces": {
				"north": {"uv": [8, 10, 11, 15], "texture": "#1"},
				"east": {"uv": [0, 0, 0, 5], "texture": "#1"},
				"south": {"uv": [11, 0, 14, 5], "texture": "#1"},
				"west": {"uv": [0, 0, 0, 5], "texture": "#1"},
				"up": {"uv": [3, 0, 0, 0], "texture": "#1"},
				"down": {"uv": [3, 0, 0, 0], "texture": "#1"}
			}
		},
		{
			"from": [4, 3.75, 4],
			"to": [4, 4.25, 12],
			"faces": {
				"north": {"uv": [0, 0, 0, 1], "texture": "#0"},
				"east": {"uv": [0, 4, 8, 5], "texture": "#0"},
				"south": {"uv": [0, 0, 0, 1], "texture": "#0"},
				"west": {"uv": [0, 5, 8, 6], "texture": "#0"},
				"up": {"uv": [0, 8, 0, 0], "texture": "#0"},
				"down": {"uv": [0, 0, 0, 8], "texture": "#0"}
			}
		},
		{
			"from": [12, 3.75, 4],
			"to": [12, 4.25, 12],
			"rotation": {"angle": 0, "axis": "y", "origin": [16, 0, 0]},
			"faces": {
				"north": {"uv": [0, 0, 0, 1], "texture": "#0"},
				"east": {"uv": [0, 0, 8, 1], "texture": "#0"},
				"south": {"uv": [0, 0, 0, 1], "texture": "#0"},
				"west": {"uv": [0, 1, 8, 2], "texture": "#0"},
				"up": {"uv": [0, 8, 0, 0], "texture": "#0"},
				"down": {"uv": [0, 0, 0, 8], "texture": "#0"}
			}
		},
		{
			"from": [4.001, 3.75, 11.999],
			"to": [12.001, 4.25, 11.999],
			"rotation": {"angle": 0, "axis": "y", "origin": [16.001, 0, 7.999]},
			"faces": {
				"north": {"uv": [0, 2, 8, 3], "texture": "#0"},
				"east": {"uv": [0, 0, 0, 1], "texture": "#0"},
				"south": {"uv": [0, 3, 8, 4], "texture": "#0"},
				"west": {"uv": [0, 0, 0, 1], "texture": "#0"},
				"up": {"uv": [8, 0, 0, 0], "texture": "#0"},
				"down": {"uv": [8, 0, 0, 0], "texture": "#0"}
			}
		}
	],
	"display": {
		"thirdperson_righthand": {
			"rotation": [75, 45, 0],
			"translation": [0, 2.5, 0],
			"scale": [0.375, 0.375, 0.375]
		},
		"thirdperson_lefthand": {
			"rotation": [75, 45, 0],
			"translation": [0, 2.5, 0],
			"scale": [0.375, 0.375, 0.375]
		},
		"firstperson_righthand": {
			"rotation": [0, 135, 0],
			"translation": [-1, 6, 2],
			"scale": [0.4, 0.4, 0.4]
		},
		"firstperson_lefthand": {
			"rotation": [0, 135, 0],
			"translation": [-1, 6, 2],
			"scale": [0.4, 0.4, 0.4]
		},
		"ground": {
			"translation": [0, 1, 0],
			"scale": [0.25, 0.25, 0.25]
		},
		"gui": {
			"rotation": [30, 135, 0],
			"translation": [0, 2.5, 0],
			"scale": [0.75, 0.75, 0.75]
		},
		"head": {
			"translation": [0, 5.25, -0.5],
			"scale": [1.75, 1.75, 1.75]
		},
		"fixed": {
			"translation": [0, 2, 3.5],
			"scale": [1.25, 1.25, 1.25]
		}
	}
}