{
	"credit": "Made with Blockbench",
	"texture_size": [32, 32],
	"textures": {
		"0": "custom/cat_statue",
		"1": "custom/base_plate",
		"particle": "custom/base_plate"
	},
	"elements": [
		{
			"name": "baseplate",
			"from": [2, 0, 2],
			"to": [14, 1, 14],
			"faces": {
				"north": {"uv": [6, 0, 12, 0.5], "texture": "#1"},
				"east": {"uv": [6, 0.5, 12, 1], "texture": "#1"},
				"south": {"uv": [6, 1, 12, 1.5], "texture": "#1"},
				"west": {"uv": [6, 1.5, 12, 2], "texture": "#1"},
				"up": {"uv": [6, 6, 0, 0], "texture": "#1"},
				"down": {"uv": [6, 6, 0, 12], "texture": "#1"}
			}
		},
		{
			"name": "body",
			"from": [6.5, 7.04289, -1.50736],
			"to": [9.5, 11.54289, 10.49264],
			"rotation": {"angle": 45, "axis": "x", "origin": [0, 1.75, 0.25]},
			"faces": {
				"north": {"uv": [7.5, 3, 6.5, 0], "rotation": 180, "texture": "#0"},
				"east": {"uv": [5, 3, 6.5, 11], "rotation": 90, "texture": "#0"},
				"south": {"uv": [8.5, 0, 7.5, 3], "texture": "#0"},
				"west": {"uv": [7.5, 3, 9, 11], "rotation": 270, "texture": "#0"},
				"up": {"uv": [9, 3, 10, 11], "texture": "#0"},
				"down": {"uv": [6.5, 3, 7.5, 11], "rotation": 180, "texture": "#0"}
			}
		},
		{
			"name": "head",
			"from": [6.125, 8, 1.25],
			"to": [9.875, 11, 5],
			"rotation": {"angle": 0, "axis": "y", "origin": [8, -1.75, 2.75]},
			"faces": {
				"north": {"uv": [1.25, 2.5, 2.5, 4.5], "texture": "#0"},
				"east": {"uv": [0, 2.5, 1.25, 4.5], "texture": "#0"},
				"south": {"uv": [3.75, 2.5, 5, 4.5], "texture": "#0"},
				"west": {"uv": [2.5, 2.5, 3.75, 4.5], "texture": "#0"},
				"up": {"uv": [2.5, 2.5, 1.25, 0], "texture": "#0"},
				"down": {"uv": [3.75, 0, 2.5, 2.5], "texture": "#0"}
			}
		},
		{
			"name": "head",
			"from": [6.875, 8.01172, 0.5],
			"to": [9.125, 9.51172, 2],
			"rotation": {"angle": 0, "axis": "y", "origin": [8, -1.75, 2.75]},
			"faces": {
				"north": {"uv": [0.5, 13, 1.25, 14], "texture": "#0"},
				"east": {"uv": [0, 13, 0.5, 14], "texture": "#0"},
				"south": {"uv": [1.75, 13, 2.5, 14], "texture": "#0"},
				"west": {"uv": [1.25, 13, 1.75, 14], "texture": "#0"},
				"up": {"uv": [1.25, 13, 0.5, 12], "texture": "#0"},
				"down": {"uv": [2, 12, 1.25, 13], "texture": "#0"}
			}
		},
		{
			"name": "head",
			"from": [8.75, 11, 3.5],
			"to": [9.5, 11.75, 5],
			"rotation": {"angle": 0, "axis": "y", "origin": [8, -1.75, 2.75]},
			"faces": {
				"north": {"uv": [0.5, 6, 0.75, 6.5], "texture": "#0"},
				"east": {"uv": [0, 6, 0.5, 6.5], "texture": "#0"},
				"south": {"uv": [1.25, 6, 1.5, 6.5], "texture": "#0"},
				"west": {"uv": [0.75, 6, 1.25, 6.5], "texture": "#0"},
				"up": {"uv": [0.75, 6, 0.5, 5], "texture": "#0"},
				"down": {"uv": [1, 5, 0.75, 6], "texture": "#0"}
			}
		},
		{
			"name": "head",
			"from": [6.5, 11, 3.5],
			"to": [7.25, 11.75, 5],
			"rotation": {"angle": 0, "axis": "y", "origin": [8, -1.75, 2.75]},
			"faces": {
				"north": {"uv": [2, 6, 2.25, 6.5], "texture": "#0"},
				"east": {"uv": [1.5, 6, 2, 6.5], "texture": "#0"},
				"south": {"uv": [2.75, 6, 3, 6.5], "texture": "#0"},
				"west": {"uv": [2.25, 6, 2.75, 6.5], "texture": "#0"},
				"up": {"uv": [2.25, 6, 2, 5], "texture": "#0"},
				"down": {"uv": [2.5, 5, 2.25, 6], "texture": "#0"}
			}
		},
		{
			"name": "tail1",
			"from": [7.625, 1.25, 10.25],
			"to": [8.375, 2, 16.25],
			"rotation": {"angle": 0, "axis": "y", "origin": [0, 1.75, 0.25]},
			"faces": {
				"north": {"uv": [0.5, 8, 0.25, 7.5], "rotation": 180, "texture": "#0"},
				"east": {"uv": [0, 8, 0.25, 12], "rotation": 90, "texture": "#0"},
				"south": {"uv": [0.75, 7.5, 0.5, 8], "texture": "#0"},
				"west": {"uv": [0.5, 8, 0.75, 12], "rotation": 270, "texture": "#0"},
				"up": {"uv": [0.75, 8, 1, 12], "texture": "#0"},
				"down": {"uv": [0.25, 8, 0.5, 12], "rotation": 180, "texture": "#0"}
			}
		},
		{
			"name": "tail2",
			"from": [7.625, 14.99784, 19.29505],
			"to": [8.375, 20.99784, 20.04505],
			"rotation": {"angle": 45, "axis": "x", "origin": [0, 12.70495, 1.55241]},
			"faces": {
				"north": {"uv": [1.25, 8, 1.5, 12], "texture": "#0"},
				"east": {"uv": [1, 8, 1.25, 12], "texture": "#0"},
				"south": {"uv": [1.75, 8, 2, 12], "texture": "#0"},
				"west": {"uv": [1.5, 8, 1.75, 12], "texture": "#0"},
				"up": {"uv": [1.5, 8, 1.25, 7.5], "texture": "#0"},
				"down": {"uv": [1.75, 7.5, 1.5, 8], "texture": "#0"}
			}
		},
		{
			"name": "backLegL",
			"from": [6.425, 0.5, 6.875],
			"to": [7.925, 2, 11.375],
			"rotation": {"angle": 0, "axis": "y", "origin": [8, -1.75, 2.75]},
			"faces": {
				"north": {"uv": [3.5, 6.5, 3, 7.5], "rotation": 180, "texture": "#0"},
				"east": {"uv": [2, 7.5, 2.5, 10.5], "rotation": 270, "texture": "#0"},
				"south": {"uv": [3, 7.5, 2.5, 6.5], "texture": "#0"},
				"west": {"uv": [3, 7.5, 3.5, 10.5], "rotation": 90, "texture": "#0"},
				"up": {"uv": [2.5, 7.5, 3, 10.5], "rotation": 180, "texture": "#0"},
				"down": {"uv": [3.5, 7.5, 4, 10.5], "texture": "#0"}
			}
		},
		{
			"name": "backLegR",
			"from": [8.075, 0.5, 6.875],
			"to": [9.575, 2, 11.375],
			"rotation": {"angle": 0, "axis": "y", "origin": [8, -1.75, 2.75]},
			"faces": {
				"north": {"uv": [3.5, 6.5, 3, 7.5], "rotation": 180, "texture": "#0"},
				"east": {"uv": [2, 7.5, 2.5, 10.5], "rotation": 270, "texture": "#0"},
				"south": {"uv": [3, 7.5, 2.5, 6.5], "texture": "#0"},
				"west": {"uv": [3, 7.5, 3.5, 10.5], "rotation": 90, "texture": "#0"},
				"up": {"uv": [2.5, 7.5, 3, 10.5], "rotation": 180, "texture": "#0"},
				"down": {"uv": [3.5, 7.5, 4, 10.5], "texture": "#0"}
			}
		},
		{
			"name": "frontLegL",
			"from": [6.35, 0.65, 1.25],
			"to": [7.85, 8.15, 2.75],
			"rotation": {"angle": 22.5, "axis": "x", "origin": [8, -1.75, 2.75]},
			"faces": {
				"north": {"uv": [10.5, 1, 11, 6], "texture": "#0"},
				"east": {"uv": [10, 1, 10.5, 6], "texture": "#0"},
				"south": {"uv": [11.5, 1, 12, 6], "texture": "#0"},
				"west": {"uv": [11, 1, 11.5, 6], "texture": "#0"},
				"up": {"uv": [11, 1, 10.5, 0], "texture": "#0"},
				"down": {"uv": [11.5, 0, 11, 1], "texture": "#0"}
			}
		},
		{
			"name": "frontLegR",
			"from": [8.15, 0.65, 1.25],
			"to": [9.65, 8.15, 2.75],
			"rotation": {"angle": 22.5, "axis": "x", "origin": [8, -1.75, 2.75]},
			"faces": {
				"north": {"uv": [10.5, 1, 11, 6], "texture": "#0"},
				"east": {"uv": [10, 1, 10.5, 6], "texture": "#0"},
				"south": {"uv": [11.5, 1, 12, 6], "texture": "#0"},
				"west": {"uv": [11, 1, 11.5, 6], "texture": "#0"},
				"up": {"uv": [11, 1, 10.5, 0], "texture": "#0"},
				"down": {"uv": [11.5, 0, 11, 1], "texture": "#0"}
			}
		}
	],
	"display": {
		"thirdperson_righthand": {
			"rotation": [75, 45, 0],
			"translation": [0, 2.5, 0],
			"scale": [0.375, 0.375, 0.375]
		},
		"thirdperson_lefthand": {
			"rotation": [75, 45, 0],
			"translation": [0, 2.5, 0],
			"scale": [0.375, 0.375, 0.375]
		},
		"firstperson_righthand": {
			"rotation": [0, 45, 0],
			"scale": [0.4, 0.4, 0.4]
		},
		"firstperson_lefthand": {
			"rotation": [0, 225, 0],
			"scale": [0.4, 0.4, 0.4]
		},
		"ground": {
			"translation": [0, 3, 0],
			"scale": [0.25, 0.25, 0.25]
		},
		"gui": {
			"rotation": [30, 225, 0],
			"translation": [0.25, 2, 0],
			"scale": [0.625, 0.625, 0.625]
		},
		"head": {
			"translation": [0, 14.25, 0]
		},
		"fixed": {
			"rotation": [-90, 0, 0],
			"translation": [0, 0, -15],
			"scale": [2, 2, 2]
		}
	},
	"groups": [
		0,
		{
			"name": "body",
			"origin": [0, 7, 1],
			"color": 0,
			"children": [
				{
					"name": "belly",
					"origin": [0, 7, 1],
					"rotation": [-90, 0, 0],
					"color": 0,
					"children": [1]
				},
				{
					"name": "head",
					"origin": [0, 9, -9],
					"color": 0,
					"children": [2, 3, 4, 5]
				},
				{
					"name": "tail1",
					"origin": [0, 9, 8],
					"rotation": [-45, 0, 0],
					"color": 0,
					"children": [
						6,
						{
							"name": "tail2",
							"origin": [0, 1, 8],
							"rotation": [-45, 0, 0],
							"color": 0,
							"children": [7]
						}
					]
				},
				{
					"name": "backLegL",
					"origin": [-1.1, 6, 7],
					"color": 0,
					"children": [8]
				},
				{
					"name": "backLegR",
					"origin": [1.1, 6, 7],
					"color": 0,
					"children": [9]
				},
				{
					"name": "frontLegL",
					"origin": [-1.2, 10, -4],
					"color": 0,
					"children": [10]
				},
				{
					"name": "frontLegR",
					"origin": [1.2, 10, -4],
					"color": 0,
					"children": [11]
				}
			]
		}
	]
}