{
	"credit": "Made with Blockbench",
	"texture_size": [32, 32],
	"textures": {
		"0": "custom/teacup_atlas",
		"particle": "custom/teacup_atlas"
	},
	"elements": [
		{
			"name": "hexadecagon",
			"from": [7.40326, 0, 5],
			"to": [8.59674, 1, 11],
			"rotation": {"angle": -45, "axis": "y", "origin": [8, 1, 8]},
			"faces": {
				"north": {"uv": [10.5, 12.5, 11, 13], "texture": "#0"},
				"east": {"uv": [10.5, 5, 13.5, 5.5], "texture": "#0"},
				"south": {"uv": [11, 12.5, 11.5, 13], "texture": "#0"},
				"west": {"uv": [10.5, 5.5, 13.5, 6], "texture": "#0"},
				"up": {"uv": [11, 9, 10.5, 6], "texture": "#0"},
				"down": {"uv": [11, 9, 10.5, 12], "texture": "#0"}
			}
		},
		{
			"name": "hexadecagon",
			"from": [7.40326, 0, 5],
			"to": [8.59674, 1, 11],
			"rotation": {"angle": -22.5, "axis": "y", "origin": [8, 1, 8]},
			"faces": {
				"north": {"uv": [12.5, 11, 13, 11.5], "texture": "#0"},
				"east": {"uv": [11, 0, 14, 0.5], "texture": "#0"},
				"south": {"uv": [12.5, 11.5, 13, 12], "texture": "#0"},
				"west": {"uv": [11, 0.5, 14, 1], "texture": "#0"},
				"up": {"uv": [11.5, 4, 11, 1], "texture": "#0"},
				"down": {"uv": [11.5, 6, 11, 9], "texture": "#0"}
			}
		},
		{
			"name": "hexadecagon",
			"from": [7.40326, 0, 5],
			"to": [8.59674, 1, 11],
			"rotation": {"angle": 0, "axis": "y", "origin": [8, 1, 8]},
			"faces": {
				"north": {"uv": [12.5, 12, 13, 12.5], "texture": "#0"},
				"east": {"uv": [11, 4, 14, 4.5], "texture": "#0"},
				"south": {"uv": [12.5, 12.5, 13, 13], "texture": "#0"},
				"west": {"uv": [11, 4.5, 14, 5], "texture": "#0"},
				"up": {"uv": [11.5, 12, 11, 9], "texture": "#0"},
				"down": {"uv": [12, 1, 11.5, 4], "texture": "#0"}
			}
		},
		{
			"name": "hexadecagon",
			"from": [7.40326, 0, 5],
			"to": [8.59674, 1, 11],
			"rotation": {"angle": 22.5, "axis": "y", "origin": [8, 1, 8]},
			"faces": {
				"north": {"uv": [10.5, 13, 11, 13.5], "texture": "#0"},
				"east": {"uv": [11.5, 6, 14.5, 6.5], "texture": "#0"},
				"south": {"uv": [11, 13, 11.5, 13.5], "texture": "#0"},
				"west": {"uv": [11.5, 6.5, 14.5, 7], "texture": "#0"},
				"up": {"uv": [12, 10, 11.5, 7], "texture": "#0"},
				"down": {"uv": [12, 10, 11.5, 13], "texture": "#0"}
			}
		},
		{
			"name": "hexadecagon",
			"from": [7.40326, 0, 5],
			"to": [8.59674, 1, 11],
			"rotation": {"angle": 45, "axis": "y", "origin": [8, 1, 8]},
			"faces": {
				"north": {"uv": [13, 11, 13.5, 11.5], "texture": "#0"},
				"east": {"uv": [12, 1, 15, 1.5], "texture": "#0"},
				"south": {"uv": [11.5, 13, 12, 13.5], "texture": "#0"},
				"west": {"uv": [12, 1.5, 15, 2], "texture": "#0"},
				"up": {"uv": [12.5, 10, 12, 7], "texture": "#0"},
				"down": {"uv": [12.5, 10, 12, 13], "texture": "#0"}
			}
		},
		{
			"name": "hexadecagon",
			"from": [5, 0, 7.40326],
			"to": [11, 1, 8.59674],
			"rotation": {"angle": -22.5, "axis": "y", "origin": [8, 1, 8]},
			"faces": {
				"north": {"uv": [12, 2, 15, 2.5], "texture": "#0"},
				"east": {"uv": [13, 11.5, 13.5, 12], "texture": "#0"},
				"south": {"uv": [12, 2.5, 15, 3], "texture": "#0"},
				"west": {"uv": [12, 13, 12.5, 13.5], "texture": "#0"},
				"up": {"uv": [15, 3.5, 12, 3], "texture": "#0"},
				"down": {"uv": [15, 3.5, 12, 4], "texture": "#0"}
			}
		},
		{
			"name": "hexadecagon",
			"from": [5, 0, 7.40326],
			"to": [11, 1, 8.59674],
			"rotation": {"angle": 0, "axis": "y", "origin": [8, 1, 8]},
			"faces": {
				"north": {"uv": [12.5, 7, 15.5, 7.5], "texture": "#0"},
				"east": {"uv": [13, 12, 13.5, 12.5], "texture": "#0"},
				"south": {"uv": [12.5, 7.5, 15.5, 8], "texture": "#0"},
				"west": {"uv": [12.5, 13, 13, 13.5], "texture": "#0"},
				"up": {"uv": [15.5, 8.5, 12.5, 8], "texture": "#0"},
				"down": {"uv": [15.5, 8.5, 12.5, 9], "texture": "#0"}
			}
		},
		{
			"name": "hexadecagon",
			"from": [5, 0, 7.40326],
			"to": [11, 1, 8.59674],
			"rotation": {"angle": 22.5, "axis": "y", "origin": [8, 1, 8]},
			"faces": {
				"north": {"uv": [12.5, 9, 15.5, 9.5], "texture": "#0"},
				"east": {"uv": [13, 12.5, 13.5, 13], "texture": "#0"},
				"south": {"uv": [12.5, 9.5, 15.5, 10], "texture": "#0"},
				"west": {"uv": [13, 13, 13.5, 13.5], "texture": "#0"},
				"up": {"uv": [15.5, 10.5, 12.5, 10], "texture": "#0"},
				"down": {"uv": [15.5, 10.5, 12.5, 11], "texture": "#0"}
			}
		},
		{
			"name": "hexadecagon",
			"from": [7.25408, 1, 4.25],
			"to": [8.74592, 11, 5.1875],
			"rotation": {"angle": -45, "axis": "y", "origin": [8, 2, 8]},
			"faces": {
				"north": {"uv": [2, 0, 2.5, 5], "texture": "#0"},
				"east": {"uv": [2.5, 0, 3, 5], "texture": "#0"},
				"south": {"uv": [3, 0, 3.5, 5], "texture": "#0"},
				"west": {"uv": [3.5, 0, 4, 5], "texture": "#0"},
				"up": {"uv": [14, 5.5, 13.5, 5], "texture": "#0"},
				"down": {"uv": [14, 5.5, 13.5, 6], "texture": "#0"}
			}
		},
		{
			"name": "hexadecagon",
			"from": [7.25408, 1, 4.25],
			"to": [8.74592, 11, 5.1875],
			"rotation": {"angle": -22.5, "axis": "y", "origin": [8, 2, 8]},
			"faces": {
				"north": {"uv": [4, 0, 4.5, 5], "texture": "#0"},
				"east": {"uv": [4.5, 0, 5, 5], "texture": "#0"},
				"south": {"uv": [0, 5, 0.5, 10], "texture": "#0"},
				"west": {"uv": [5, 0, 5.5, 5], "texture": "#0"},
				"up": {"uv": [11, 14, 10.5, 13.5], "texture": "#0"},
				"down": {"uv": [11.5, 13.5, 11, 14], "texture": "#0"}
			}
		},
		{
			"name": "hexadecagon",
			"from": [7.25408, 1, 4.25],
			"to": [8.74592, 11, 5.1875],
			"rotation": {"angle": 0, "axis": "y", "origin": [8, 2, 8]},
			"faces": {
				"north": {"uv": [0, 0, 0.5, 5], "texture": "#0"},
				"east": {"uv": [0.5, 0, 1, 5], "texture": "#0"},
				"south": {"uv": [1, 0, 1.5, 5], "texture": "#0"},
				"west": {"uv": [1.5, 0, 2, 5], "texture": "#0"},
				"up": {"uv": [11, 12.5, 10.5, 12], "texture": "#0"},
				"down": {"uv": [11.5, 12, 11, 12.5], "texture": "#0"}
			}
		},
		{
			"name": "hexadecagon",
			"from": [7.25408, 1, 4.25],
			"to": [8.74592, 11, 5.1875],
			"rotation": {"angle": 22.5, "axis": "y", "origin": [8, 2, 8]},
			"faces": {
				"north": {"uv": [0.5, 5, 1, 10], "texture": "#0"},
				"east": {"uv": [1, 5, 1.5, 10], "texture": "#0"},
				"south": {"uv": [1.5, 5, 2, 10], "texture": "#0"},
				"west": {"uv": [2, 5, 2.5, 10], "texture": "#0"},
				"up": {"uv": [14, 11.5, 13.5, 11], "texture": "#0"},
				"down": {"uv": [12, 13.5, 11.5, 14], "texture": "#0"}
			}
		},
		{
			"name": "hexadecagon",
			"from": [7.25408, 1, 4.25],
			"to": [8.74592, 11, 5.1875],
			"rotation": {"angle": 45, "axis": "y", "origin": [8, 2, 8]},
			"faces": {
				"north": {"uv": [2.5, 5, 3, 10], "texture": "#0"},
				"east": {"uv": [3, 5, 3.5, 10], "texture": "#0"},
				"south": {"uv": [3.5, 5, 4, 10], "texture": "#0"},
				"west": {"uv": [4, 5, 4.5, 10], "texture": "#0"},
				"up": {"uv": [14, 12, 13.5, 11.5], "texture": "#0"},
				"down": {"uv": [12.5, 13.5, 12, 14], "texture": "#0"}
			}
		},
		{
			"name": "hexadecagon",
			"from": [7.25408, 1, 10.8125],
			"to": [8.74592, 11, 11.75],
			"rotation": {"angle": -45, "axis": "y", "origin": [8, 2, 8]},
			"faces": {
				"north": {"uv": [4.5, 5, 5, 10], "texture": "#0"},
				"east": {"uv": [5, 5, 5.5, 10], "texture": "#0"},
				"south": {"uv": [5.5, 0, 6, 5], "texture": "#0"},
				"west": {"uv": [5.5, 5, 6, 10], "texture": "#0"},
				"up": {"uv": [14, 12.5, 13.5, 12], "texture": "#0"},
				"down": {"uv": [13, 13.5, 12.5, 14], "texture": "#0"}
			}
		},
		{
			"name": "hexadecagon",
			"from": [7.25408, 1, 10.8125],
			"to": [8.74592, 11, 11.75],
			"rotation": {"angle": -22.5, "axis": "y", "origin": [8, 2, 8]},
			"faces": {
				"north": {"uv": [6, 0, 6.5, 5], "texture": "#0"},
				"east": {"uv": [6, 5, 6.5, 10], "texture": "#0"},
				"south": {"uv": [6.5, 0, 7, 5], "texture": "#0"},
				"west": {"uv": [6.5, 5, 7, 10], "texture": "#0"},
				"up": {"uv": [14, 13, 13.5, 12.5], "texture": "#0"},
				"down": {"uv": [13.5, 13.5, 13, 14], "texture": "#0"}
			}
		},
		{
			"name": "hexadecagon",
			"from": [7.25408, 1, 10.8125],
			"to": [8.74592, 11, 11.75],
			"rotation": {"angle": 0, "axis": "y", "origin": [8, 2, 8]},
			"faces": {
				"north": {"uv": [7, 0, 7.5, 5], "texture": "#0"},
				"east": {"uv": [7, 5, 7.5, 10], "texture": "#0"},
				"south": {"uv": [7.5, 0, 8, 5], "texture": "#0"},
				"west": {"uv": [7.5, 5, 8, 10], "texture": "#0"},
				"up": {"uv": [14, 13.5, 13.5, 13], "texture": "#0"},
				"down": {"uv": [14, 13.5, 13.5, 14], "texture": "#0"}
			}
		},
		{
			"name": "hexadecagon",
			"from": [7.25408, 1, 10.8125],
			"to": [8.74592, 11, 11.75],
			"rotation": {"angle": 22.5, "axis": "y", "origin": [8, 2, 8]},
			"faces": {
				"north": {"uv": [8, 0, 8.5, 5], "texture": "#0"},
				"east": {"uv": [8, 5, 8.5, 10], "texture": "#0"},
				"south": {"uv": [8.5, 0, 9, 5], "texture": "#0"},
				"west": {"uv": [8.5, 5, 9, 10], "texture": "#0"},
				"up": {"uv": [14.5, 0.5, 14, 0], "texture": "#0"},
				"down": {"uv": [14.5, 0.5, 14, 1], "texture": "#0"}
			}
		},
		{
			"name": "hexadecagon",
			"from": [7.25408, 1, 10.8125],
			"to": [8.74592, 11, 11.75],
			"rotation": {"angle": 45, "axis": "y", "origin": [8, 2, 8]},
			"faces": {
				"north": {"uv": [9, 0, 9.5, 5], "texture": "#0"},
				"east": {"uv": [9, 5, 9.5, 10], "texture": "#0"},
				"south": {"uv": [9.5, 0, 10, 5], "texture": "#0"},
				"west": {"uv": [9.5, 5, 10, 10], "texture": "#0"},
				"up": {"uv": [14.5, 4.5, 14, 4], "texture": "#0"},
				"down": {"uv": [14.5, 4.5, 14, 5], "texture": "#0"}
			}
		},
		{
			"name": "hexadecagon",
			"from": [4.25, 1, 7.25408],
			"to": [5.1875, 11, 8.74592],
			"rotation": {"angle": -22.5, "axis": "y", "origin": [8, 2, 8]},
			"faces": {
				"north": {"uv": [0, 10, 0.5, 15], "texture": "#0"},
				"east": {"uv": [10, 0, 10.5, 5], "texture": "#0"},
				"south": {"uv": [0.5, 10, 1, 15], "texture": "#0"},
				"west": {"uv": [1, 10, 1.5, 15], "texture": "#0"},
				"up": {"uv": [14.5, 5.5, 14, 5], "texture": "#0"},
				"down": {"uv": [14.5, 5.5, 14, 6], "texture": "#0"}
			}
		},
		{
			"name": "hexadecagon",
			"from": [4.25, 1, 7.25408],
			"to": [5.1875, 11, 8.74592],
			"rotation": {"angle": 0, "axis": "y", "origin": [8, 2, 8]},
			"faces": {
				"north": {"uv": [1.5, 10, 2, 15], "texture": "#0"},
				"east": {"uv": [2, 10, 2.5, 15], "texture": "#0"},
				"south": {"uv": [2.5, 10, 3, 15], "texture": "#0"},
				"west": {"uv": [3, 10, 3.5, 15], "texture": "#0"},
				"up": {"uv": [11, 14.5, 10.5, 14], "texture": "#0"},
				"down": {"uv": [11.5, 14, 11, 14.5], "texture": "#0"}
			}
		},
		{
			"name": "hexadecagon",
			"from": [4.25, 1, 7.25408],
			"to": [5.1875, 11, 8.74592],
			"rotation": {"angle": 22.5, "axis": "y", "origin": [8, 2, 8]},
			"faces": {
				"north": {"uv": [3.5, 10, 4, 15], "texture": "#0"},
				"east": {"uv": [4, 10, 4.5, 15], "texture": "#0"},
				"south": {"uv": [4.5, 10, 5, 15], "texture": "#0"},
				"west": {"uv": [5, 10, 5.5, 15], "texture": "#0"},
				"up": {"uv": [14.5, 11.5, 14, 11], "texture": "#0"},
				"down": {"uv": [12, 14, 11.5, 14.5], "texture": "#0"}
			}
		},
		{
			"name": "hexadecagon",
			"from": [10.8125, 1, 7.25408],
			"to": [11.75, 11, 8.74592],
			"rotation": {"angle": -22.5, "axis": "y", "origin": [8, 2, 8]},
			"faces": {
				"north": {"uv": [10, 5, 10.5, 10], "texture": "#0"},
				"east": {"uv": [5.5, 10, 6, 15], "texture": "#0"},
				"south": {"uv": [6, 10, 6.5, 15], "texture": "#0"},
				"west": {"uv": [6.5, 10, 7, 15], "texture": "#0"},
				"up": {"uv": [14.5, 12, 14, 11.5], "texture": "#0"},
				"down": {"uv": [12.5, 14, 12, 14.5], "texture": "#0"}
			}
		},
		{
			"name": "hexadecagon",
			"from": [10.8125, 1, 7.25408],
			"to": [11.75, 11, 8.74592],
			"rotation": {"angle": 0, "axis": "y", "origin": [8, 2, 8]},
			"faces": {
				"north": {"uv": [7, 10, 7.5, 15], "texture": "#0"},
				"east": {"uv": [7.5, 10, 8, 15], "texture": "#0"},
				"south": {"uv": [8, 10, 8.5, 15], "texture": "#0"},
				"west": {"uv": [8.5, 10, 9, 15], "texture": "#0"},
				"up": {"uv": [14.5, 12.5, 14, 12], "texture": "#0"},
				"down": {"uv": [13, 14, 12.5, 14.5], "texture": "#0"}
			}
		},
		{
			"name": "hexadecagon",
			"from": [10.8125, 1, 7.25408],
			"to": [11.75, 11, 8.74592],
			"rotation": {"angle": 22.5, "axis": "y", "origin": [8, 2, 8]},
			"faces": {
				"north": {"uv": [9, 10, 9.5, 15], "texture": "#0"},
				"east": {"uv": [9.5, 10, 10, 15], "texture": "#0"},
				"south": {"uv": [10, 10, 10.5, 15], "texture": "#0"},
				"west": {"uv": [10.5, 0, 11, 5], "texture": "#0"},
				"up": {"uv": [14.5, 13, 14, 12.5], "texture": "#0"},
				"down": {"uv": [13.5, 14, 13, 14.5], "texture": "#0"}
			}
		}
	],
	"display": {
		"thirdperson_righthand": {
			"translation": [-0.25, 0.5, -0.75],
			"scale": [0.35, 0.35, 0.35]
		},
		"thirdperson_lefthand": {
			"translation": [-0.25, 0.5, -0.75],
			"scale": [0.35, 0.35, 0.35]
		},
		"firstperson_righthand": {
			"translation": [0, 2.5, 0],
			"scale": [0.5, 0.5, 0.5]
		},
		"firstperson_lefthand": {
			"translation": [0, 2.5, 0],
			"scale": [0.5, 0.5, 0.5]
		},
		"ground": {
			"scale": [0.3, 0.3, 0.3]
		},
		"gui": {
			"rotation": [45, 45, 0],
			"translation": [0, 1, 0],
			"scale": [0.65, 0.65, 0.65]
		},
		"head": {
			"translation": [0, 10.25, 0],
			"scale": [0.5, 0.5, 0.5]
		},
		"fixed": {
			"rotation": [-90, 0, 0],
			"translation": [0, 0, -4.75],
			"scale": [0.65, 0.65, 0.65]
		}
	},
	"groups": [
		{
			"name": "hexadecagon",
			"origin": [8, 8, 8],
			"color": 0,
			"children": [0, 1, 2, 3, 4, 5, 6, 7]
		},
		{
			"name": "hexadecagon",
			"origin": [8, 8, 8],
			"color": 0,
			"children": [8, 9, 10, 11, 12, 13, 14, 15, 16, 17, 18, 19, 20, 21, 22, 23]
		}
	]
}